Date,Water_Level_m,Temperature_C,Rainfall_mm,pH,Dissolved_Oxygen_mg_L,Location
2023-01-01,27.388251093333995,-0.6018307078287544,26.958452550976816,6.948385668397829,8.282231356396466,Gujarat
2023-01-02,41.39887858048797,0.3965782831551856,15.30693156450902,6.952946330179949,7.9982295394428755,Punjab
2023-01-03,5.021255807619541,0.1397677220518131,29.2638462384634,6.912783239056611,8.173988744566904,Manipur
2023-01-04,12.120906432229315,0.3278328291419289,8.246141979599617,6.9724474326149295,8.079536877582035,Karnataka
2023-01-05,20.340124523957204,-0.917756434024958,35.6541937358938,6.962424275012466,8.42572564547567,Haryana
2023-01-06,59.15986931388531,0.3389630635862162,30.179271527427133,6.976828334065326,8.058171746398768,Rajasthan
2023-01-07,25.39338583955645,1.1096347995055371,28.1042533870948,6.900316650677885,7.895903612387699,Gujarat
2023-01-08,10.468268818367015,2.5997923347694853,35.46152522407052,7.001382878711,8.065535404755838,Uttar Pradesh
2023-01-09,8.740617288998509,1.9224227226442936,42.38001916990049,6.958197218425908,8.19595644167795,Odisha
2023-01-10,11.499928961353405,3.773729730223378,35.959634716115374,6.984526293697389,8.051745933185623,Tamil Nadu
2023-01-11,14.8918388644548,-0.5466257399364699,7.497851093276953,6.942938145193754,8.053386298569956,Karnataka
2023-01-12,12.333857565463454,1.973316119916182,13.201483079895732,6.977365368211142,7.834732163987643,Karnataka
2023-01-13,10.298152562083486,1.000287733882253,19.8397263109553,6.945415205220043,7.850580274185265,Telangana
2023-01-14,44.10518160164516,4.070418685540794,26.439481930679765,6.955381763643228,7.632789847031521,Rajasthan
2023-01-15,6.439287903179421,-0.3662935818788809,31.445820973922,7.0075113963081055,8.58256533064839,Bihar
2023-01-16,38.31147300369052,-0.3529893566777574,19.10245197835545,6.96679074758913,7.6886542161958,Haryana
2023-01-17,20.89586469448344,0.0679439988669338,28.318217095320232,6.976326679441617,7.858062506595293,Telangana
2023-01-18,2.2357933961490217,-2.158371058992183,18.987379467675567,6.990753002965424,7.854532765384186,Assam
2023-01-19,1.7984725365800245,0.2992795553909462,20.516690101948647,6.984638912484727,8.342653137259157,Sikkim
2023-01-20,42.11451468766216,0.0096526560211014,12.655916504045248,6.979107279201774,7.989811799809094,Rajasthan
2023-01-21,6.9694518323220365,1.4343818885055202,17.580854352077772,6.984771747521852,,Arunachal Pradesh
2023-01-22,9.832682164870674,1.7818647328965085,13.387000097682815,7.02691446555092,7.884491274265301,Telangana
2023-01-23,6.687157853128444,4.143926588494159,17.23577296473217,6.9790674042791085,8.174357589326481,Kerala
2023-01-24,5.35677945193016,2.8157456473889653,37.62158280124324,6.985615387527707,7.844176103802292,Goa
2023-01-25,5.485562793629979,0.5851939670558459,17.681835287504747,7.003980120887185,8.742445837233115,Arunachal Pradesh
2023-01-26,4.768367617394479,0.163367003966474,53.59030416485743,7.00645117799982,7.746742452313124,West Bengal
2023-01-27,41.7955485098107,2.30930732868833,32.29032186595175,7.009454891825493,8.200089070210966,Rajasthan
2023-01-28,10.643981402356845,-0.3484816786628313,29.296163434750937,6.999862516528497,8.301396800543365,Andhra Pradesh
2023-01-29,6.075730404598707,4.439495841089223,18.954883736649407,6.965601440206929,8.239524344620065,Kerala
2023-01-30,11.866968085164974,3.521907433829184,34.63221967321079,7.022503795481187,8.063919196842182,Uttar Pradesh
2023-01-31,7.23174783704412,1.109423335029756,21.96340195740248,6.968281883348418,8.084680163706347,Sikkim
2023-02-01,2.6110576264169705,-0.6960754200099424,29.030537706893178,6.998635126887199,8.140890694340985,Kerala
2023-02-02,5.2148154160271005,3.964874495314054,53.50194428378685,6.978870526955657,8.087767531379585,Tripura
2023-02-03,2.4667465048175057,1.822695726626568,27.03115924451174,6.994046903397811,8.425152746027484,Mizoram
2023-02-04,12.768902433214745,3.966614577850302,39.68504095516445,7.003278544909366,8.803266790587296,Uttarakhand
2023-02-05,6.03236512945931,-0.1608722574223198,21.37208190258728,7.00450406738593,7.97698323372842,Uttarakhand
2023-02-06,7.137643027865227,1.452585817217692,28.265499710415,7.007888964535256,7.737410754477924,Jharkhand
2023-02-07,7.642824415689281,2.480393022104747,46.53492943327818,7.03309840120535,8.125987912967151,West Bengal
2023-02-08,5.8947232500846365,2.6638774840537063,22.768790960583864,7.011268488228082,8.930506207889703,West Bengal
2023-02-09,3.726462188097333,2.039187507066849,47.37448557996929,6.998688295865616,7.919611915323367,Meghalaya
2023-02-10,6.854351477422281,3.7694397336860814,36.53905781609321,7.024226798310822,8.656570206468384,Manipur
2023-02-11,6.98066767807296,1.3546133119700643,24.04840916413425,7.030108091097175,8.672266288178976,Manipur
2023-02-12,7.296842846390655,2.863353849391137,36.20869277517059,6.983140151389568,8.007000450564526,Odisha
2023-02-13,6.069277413417647,3.3782456453700465,39.82169834242114,7.021013935462932,8.347892725953386,Kerala
2023-02-14,12.361730258696324,4.0903395697694425,36.52579192986427,7.024463015285779,8.669837668257243,Tamil Nadu
2023-02-15,41.98545708199296,4.506982756693775,14.816983570326206,7.005861916745988,8.071701238143314,Punjab
2023-02-16,6.070185172476676,1.8734764226827565,23.459397472520543,7.040700949453046,8.12848633152973,Tripura
2023-02-17,3.764422592990187,1.380147425215248,28.467121336792644,7.011559327819789,8.019177044496725,Assam
2023-02-18,4.79779498385692,5.718713035045566,30.40951186284569,7.018445595003497,7.893375178594337,Chhattisgarh
2023-02-19,5.9976748172406,4.421547941046311,37.5721055908914,7.013846255822015,8.007139813403274,Odisha
2023-02-20,24.97212202373184,2.9212262391212134,33.353933086255616,7.0189928996329485,7.838861876015279,Gujarat
2023-02-21,59.92440751586703,6.491563128118949,18.43501795136053,6.998129443317041,8.220389875642603,Rajasthan
2023-02-22,5.975781018327736,4.459226237153573,35.801978510059634,6.9926275537766855,7.983293744968121,Himachal Pradesh
2023-02-23,22.398521302227657,6.175539182689146,38.31739591437669,7.054692299066698,8.288542366943817,Gujarat
2023-02-24,2.477305595411652,4.628750249587691,38.02098140238732,7.007236597209458,7.755758778666385,Nagaland
2023-02-25,7.144386798874689,7.739473535674629,43.4424226401616,7.005721603560325,,Bihar
2023-02-26,4.53850536681502,7.402242032895575,41.185375391642886,6.9838552746510025,8.480827919251908,Tripura
2023-02-27,3.21101630483556,4.51666366739128,37.649493099976674,7.015517468342914,7.636769417118673,West Bengal
2023-02-28,12.826432189640236,6.468345437420544,32.5675736546443,7.00320853380218,,Maharashtra
2023-03-01,3.8228282644405738,6.099932056245853,16.87115989560932,7.063884259246684,8.611432565873857,Nagaland
2023-03-02,11.242260845339937,7.305694589045776,37.98848988363355,7.052613924204435,7.884360441645386,Uttar Pradesh
2023-03-03,16.45584125939429,3.926241182756218,35.98072302547727,7.020028201887655,8.753145342424936,Himachal Pradesh
2023-03-04,17.75714872757196,6.523582684503154,36.83117298733835,7.080213551271721,8.38120020830432,Uttar Pradesh
2023-03-05,75.7244239432913,7.203021345658998,21.559437318719983,7.056173771278294,8.048111827887862,Rajasthan
2023-03-06,5.7876161175433465,3.098154506629065,23.72789613437892,7.031415460241916,,Arunachal Pradesh
2023-03-07,33.73308496231368,4.082255088144194,45.28152853332904,6.989297599988244,8.43535521661366,Punjab
2023-03-08,7.414765729408417,2.919173711381827,34.56598692297191,7.086478192111156,8.294779639401746,West Bengal
2023-03-09,6.770374732291616,5.744241396684811,42.062259720978986,7.014241517697696,8.437725698832812,Manipur
2023-03-10,7.252468398179985,7.405983713364272,35.83263431075516,7.010498618467456,8.004017702295972,West Bengal
2023-03-11,30.93157524942496,8.764524589133053,36.149209746605806,7.065231628420413,8.335148906551483,Gujarat
2023-03-12,7.401125467805092,6.803449862937355,45.53668421360613,7.094948894280631,7.8643471893900445,Kerala
2023-03-13,34.972709814638016,9.316549691983312,31.29559667387021,7.075212928897684,8.259214599177808,Haryana
2023-03-14,5.702534552728699,4.984792867622717,37.71944952765159,7.060179281302146,8.025531004263861,Manipur
2023-03-15,4.161955682693288,4.681190077231005,32.43768667338914,7.062169812108031,8.080165193047245,Assam
2023-03-16,24.07624716427005,7.3342608692374895,33.017675088314206,7.068716662823958,8.675773007508186,Maharashtra
2023-03-17,8.5317887100055,8.17499927231006,34.57311393014877,7.068200549817714,8.636458970244215,Mizoram
2023-03-18,4.488432896516795,7.731177658078639,40.188370683370096,7.060019432874992,8.495928249458967,Bihar
2023-03-19,6.710747877401631,4.860375311478648,33.481744552596,7.057853252848269,7.989613862905918,Nagaland
2023-03-20,50.226281007978585,8.009177083587959,51.12898982716378,7.055890994584867,8.226506036520131,Haryana
2023-03-21,7.141748844218375,6.367471573418545,29.92755335143133,7.043437191739151,8.689478760543206,Bihar
2023-03-22,6.777865412623272,9.51000332873956,37.30710773421058,7.054276608352774,8.372185403762302,Arunachal Pradesh
2023-03-23,2.8997093751323213,9.23671055595846,35.08071139528023,7.027404599979829,9.029590070785716,Goa
2023-03-24,6.903362352609483,7.458312188640836,54.24999862375711,7.060670570101467,8.4559074397304,Sikkim
2023-03-25,11.077850463370249,8.27865017344551,42.04796534753333,7.044239166867971,8.399647701979976,Jharkhand
2023-03-26,7.849488068840114,7.641948947935802,50.70306077930174,7.0433128290403,8.253418906893096,Bihar
2023-03-27,7.734733966145647,9.318069266178156,25.83120945644347,7.070356124781312,8.39033699670941,Sikkim
2023-03-28,8.79560306155263,11.026120074158452,43.659513647703584,7.09597191385876,8.30865465348144,Nagaland
2023-03-29,18.4034026748378,8.29613620522196,50.18751674744316,7.087871826625541,8.570949086523061,Uttar Pradesh
2023-03-30,8.196798010866601,10.712113729320723,42.41624648616083,7.039469108806657,8.649648057675739,Kerala
2023-03-31,8.717378761887018,9.341976209803978,52.55040814625791,7.052460184521341,8.130961403605856,Arunachal Pradesh
2023-04-01,7.220445856240535,9.129372070287804,37.02491769679848,7.023626373626374,,Jharkhand
2023-04-02,6.7515690948547045,10.339454460068165,56.5934744018558,7.025,7.824138388069011,Bihar
2023-04-03,29.384194926452647,9.12845519768962,65.79117903839031,10.362876695391254,8.531518277194643,Maharashtra
2023-04-04,2.5681838763004787,10.032163404616592,39.476009999999015,7.027747252747253,8.052231776389597,Meghalaya
2023-04-05,7.609755411781879,9.24713920507277,38.95156819258569,7.02912087912088,7.741495459476892,Manipur
2023-04-06,48.8300991752322,14.172362424649313,58.24263597996822,7.030494505494506,8.508057097842805,Haryana
2023-04-07,19.04474568232738,11.459488734550998,59.80671046829613,7.031868131868133,9.143504250834232,Maharashtra
2023-04-08,19.49888408675141,10.538323825923207,39.084586541654126,7.033241758241759,8.397904001263308,Tamil Nadu
2023-04-09,7.870179565569064,12.090200635332105,40.41351644442604,7.034615384615385,,West Bengal
2023-04-10,6.870014490649361,11.782057376013206,42.09973632897734,7.035989010989011,8.432515840531302,Tripura
2023-04-11,28.70792671504658,11.778435710590276,32.54450587866822,7.037362637362638,8.38242101613057,Haryana
2023-04-12,59.05365887241496,13.18223906105415,38.1623816340591,7.038736263736264,8.691931736105122,Rajasthan
2023-04-13,3.632031559633392,13.54834947715887,38.66738354127054,7.040109890109891,8.333247307073075,Meghalaya
2023-04-14,23.498352349258216,11.767435091771024,42.390705667640034,7.041483516483517,8.50466824367212,Madhya Pradesh
2023-04-15,9.404257921087057,11.850558353318691,51.08172255470361,7.042857142857144,8.525080770430232,Nagaland
2023-04-16,7.761325353418676,12.45280706965715,55.13060886382674,7.0442307692307695,8.232265171599394,Manipur
2023-04-17,68.46973630406981,9.563601769380142,69.65335657649243,7.045604395604396,8.734425891674142,Rajasthan
2023-04-18,24.709953305908257,10.89479582428459,45.524701350853846,7.046978021978022,,Telangana
2023-04-19,14.469858297460826,15.368992719848103,66.71135585289771,7.048351648351649,,Uttar Pradesh
2023-04-20,7.56460923989008,15.937231790032143,56.08813353576688,7.049725274725275,8.610128777246945,Tripura
2023-04-21,3.623169790647636,13.247325061544554,59.093274991387766,7.051098901098902,8.183756308759392,West Bengal
2023-04-22,8.158734394564211,14.636813466561671,67.69599711946825,7.052472527472528,8.465871929628321,West Bengal
2023-04-23,6.297455225603812,14.389952154892228,51.08047209206932,7.0538461538461545,8.4588027625452,West Bengal
2023-04-24,17.49539388202755,18.69249703685868,67.49167987942292,7.0552197802197805,8.791428010408815,Madhya Pradesh
2023-04-25,7.513656366372148,15.904637092426592,66.6919946096031,7.056593406593407,,Himachal Pradesh
2023-04-26,5.315672180481124,14.184497239152478,71.31187527744413,7.057967032967033,8.466393011277555,Manipur
2023-04-27,21.531501366941256,13.094161866571888,70.63893918633093,7.05934065934066,8.723351867782064,Madhya Pradesh
2023-04-28,8.223376061248175,12.268901948185068,93.66014425625178,7.060714285714286,8.899205121848052,Andhra Pradesh
2023-04-29,5.098759309603095,15.134865783471165,64.08963312451982,7.062087912087913,8.653606828169295,Tripura
2023-04-30,22.020951092281283,13.846243112842776,66.5169535269049,7.063461538461539,8.49349040133763,Gujarat
2023-05-01,16.19883666871482,12.99848756747162,66.95540792256554,7.0648351648351655,,Himachal Pradesh
2023-05-02,15.692199933241826,14.313107706603244,68.99193210510076,7.066208791208791,8.179092274703763,Telangana
2023-05-03,18.582872764437905,13.811743928644342,69.53272213352824,7.067582417582418,8.411179841440852,Andhra Pradesh
2023-05-04,5.1545210394386105,18.11587728777368,89.15664882755904,7.068956043956044,8.324014471220346,Kerala
2023-05-05,42.04492698166764,17.05872337168791,92.8314161062722,7.070329670329671,8.454897620093377,Haryana
2023-05-06,21.99153108518557,15.87540367538771,74.27880079876897,7.071703296703297,8.532104867579022,Telangana
2023-05-07,31.447402174801017,18.25837774679658,73.02259811511156,7.073076923076924,8.678138595537789,Karnataka
2023-05-08,7.638802396886983,16.305612901031864,87.42019951990801,7.07445054945055,8.502202014933921,Odisha
2023-05-09,5.94075733666884,15.048733038666947,78.54370362312436,7.075824175824176,8.673423020620389,Mizoram
2023-05-10,29.138077992535223,18.77644435766273,91.75514235337928,7.077197802197802,8.550935731036443,Haryana
2023-05-11,2.9553342546866497,17.45122220838413,88.81494449422728,7.078571428571429,7.943074315808125,Assam
2023-05-12,2.25638532146759,15.23808681246636,72.9881632456321,7.079945054945055,8.258034546689538,Assam
2023-05-13,12.89354543316323,16.659546927929533,104.98054651879512,7.081318681318682,8.50072977723956,Andhra Pradesh
2023-05-14,6.8508285826211175,15.76349569684594,108.3433921155706,7.082692307692308,8.185168500224592,Uttarakhand
2023-05-15,4.673925995319904,15.123602601355692,84.86112408416712,7.084065934065935,8.732176421196664,Chhattisgarh
2023-05-16,12.064506908498275,18.70794763997878,87.71639099404675,7.085439560439561,9.01554393102179,Jharkhand
2023-05-17,35.88744074469686,20.30368540026564,95.05645610505124,7.086813186813187,8.926068115948755,Gujarat
2023-05-18,9.933577519197163,15.46258819971085,96.14676570206808,7.088186813186813,8.500527578281377,Uttar Pradesh
2023-05-19,9.705523668663474,18.525772536354538,99.99203613332172,7.08956043956044,9.015899159736303,Himachal Pradesh
2023-05-20,8.76255788635453,16.826233948515064,114.11303439865252,7.090934065934066,8.61740243496283,West Bengal
2023-05-21,32.0523702094781,17.19238884742988,92.84591234044412,11.418092523444866,8.475797285587666,Gujarat
2023-05-22,12.57001535177047,17.15536515759774,87.23680777439569,7.093681318681319,8.397023156981675,Himachal Pradesh
2023-05-23,44.91316587152434,16.86884901031544,82.03098354403055,7.095054945054946,8.494423929218398,Haryana
2023-05-24,4.249826779221817,18.358496727631525,89.11927102915223,11.134624439257808,8.472832668723346,Kerala
2023-05-25,5.752241568881471,17.160168231976847,96.70169730422906,7.097802197802198,8.64453146011924,Arunachal Pradesh
2023-05-26,16.70194364716843,18.933157766142287,115.58294127254052,7.099175824175824,8.645699666842432,Andhra Pradesh
2023-05-27,5.635548181809458,18.572994484177944,93.06564525139652,7.100549450549451,8.602562157694377,Meghalaya
2023-05-28,18.205712170759085,18.41080869893116,101.08403336254284,7.101923076923077,8.736850681693134,Tamil Nadu
2023-05-29,18.465896713623884,17.528764397047492,99.28632048982192,7.103296703296704,8.967083992326012,Tamil Nadu
2023-05-30,14.63803991329614,18.14583201513652,111.93887778942587,7.10467032967033,8.898877229643386,Telangana
2023-05-31,6.193184054650238,20.26495497060677,125.92866491807688,7.1060439560439566,8.172662477596898,Chhattisgarh
2023-06-01,3.259666233091243,20.004123034183824,95.95504853453306,7.107417582417583,7.856076406782162,Assam
2023-06-02,2.352007012684884,17.907293506428545,96.97373744294964,7.108791208791209,8.906669599745408,Kerala
2023-06-03,0.9036355022887874,19.643503952649336,112.9141362432182,7.110164835164835,8.22043089596988,Haryana
2023-06-04,3.3258746221832944,20.7424653004423,109.8958379731862,7.111538461538462,8.56718576404758,Sikkim
2023-06-05,1.5771962694552069,17.23215581458168,122.14839193867904,7.112912087912088,8.287702355918457,Uttarakhand
2023-06-06,1.468552914483018,20.67218314571276,110.12499613897393,7.114285714285715,8.102263011583137,Assam
2023-06-07,2.642885037750056,18.98408633960321,101.2971889822393,7.115659340659341,8.809416840439459,Andhra Pradesh
2023-06-08,2.77089622422022,20.95479910179084,111.4010538014286,7.117032967032968,8.878845449189695,Assam
2023-06-09,1.7830605923325913,19.074891484966443,117.18593690473016,7.118406593406593,8.482266660001764,Chhattisgarh
2023-06-10,2.985481457374529,17.63333618966256,114.90811851527036,7.11978021978022,7.882027971697186,Manipur
2023-06-11,1.4479170759339008,18.02022480471372,112.38043261876528,7.121153846153846,8.499588203985793,Maharashtra
2023-06-12,2.564833883041752,20.65454500240965,118.57883480797943,7.122527472527473,8.785123619203182,Assam
2023-06-13,2.1349488709549966,21.092880455878927,120.20943942094024,7.123901098901099,8.228029826071058,Andhra Pradesh
2023-06-14,1.225678770386647,19.46770088651921,122.9424690312544,7.125274725274726,8.730832151757921,Chhattisgarh
2023-06-15,2.1608146597479627,21.902943633221007,116.21237360117117,7.126648351648352,8.675352100193155,Uttar Pradesh
2023-06-16,2.757916722632411,18.557170456047107,111.46068732869958,7.1280219780219785,8.85785338394626,Tamil Nadu
2023-06-17,0.9790158911592606,21.04099019213892,120.34076323795956,7.129395604395604,8.72406092371106,Maharashtra
2023-06-18,0.1,19.414244931125545,136.68047428046813,7.130769230769231,,Gujarat
2023-06-19,0.4751423268120137,20.34367440972533,122.18778614727042,7.132142857142857,9.055400021927918,Uttarakhand
2023-06-20,1.4129908778967273,21.48318591906253,139.78563418763017,7.133516483516484,8.65299057864136,Himachal Pradesh
2023-06-21,0.6957193759802056,20.21212720482133,137.90727121738578,7.13489010989011,8.69647896781735,Manipur
2023-06-22,3.247643071771144,21.01657327706185,147.8698658117658,7.136263736263737,8.428810821069249,Manipur
2023-06-23,3.146010197333797,23.1935051478876,166.1086944502488,7.137637362637363,8.579927412554634,Uttar Pradesh
2023-06-24,1.535612402081879,20.90938747044055,160.9769247461331,7.139010989010989,8.451592152824897,Jharkhand
2023-06-25,1.023897935402064,23.11892278348233,165.27205778925375,7.140384615384615,8.66927002817682,West Bengal
2023-06-26,3.4486803390018155,20.26148367405753,156.9508891396513,7.141758241758242,9.238787269317427,Madhya Pradesh
2023-06-27,1.313390157904196,22.84140956357622,183.7537444514809,7.143131868131869,8.317825261516196,Odisha
2023-06-28,1.8391553612877176,24.29971556834949,188.48780884437787,7.144505494505495,8.24944806415346,Gujarat
2023-06-29,1.358847788705829,18.520555227831043,209.40727250778,7.145879120879121,9.178988460885446,Mizoram
2023-06-30,2.389773112149917,21.12333843547561,190.4387011669536,7.147252747252748,8.678961138612681,Punjab
2023-07-01,3.425601629400657,23.27494885011147,201.4497450348812,7.148626373626374,8.545157299281145,Bihar
2023-07-02,2.692453968079637,22.195431920935512,207.49383683710755,7.15,9.061971406218824,Chhattisgarh
2023-07-03,1.6236426340739976,23.147378150716303,226.51629103939297,7.151373626373626,8.57243621719982,Tamil Nadu
2023-07-04,3.0371175795451086,21.77534090124495,215.5305611596469,7.152747252747253,9.30604467230584,Gujarat
2023-07-05,0.3802032719296384,22.901862703187373,225.01548998297804,7.15412087912088,8.965740398764417,Madhya Pradesh
2023-07-06,0.369626660550012,22.629121509549247,234.04599806419844,7.155494505494506,8.620110094039806,Manipur
2023-07-07,3.776817555506605,24.70496979578641,235.57488244035488,7.156868131868133,9.417796859584048,Karnataka
2023-07-08,0.6053343194105902,23.425587308907865,234.9862133050442,7.158241758241759,8.593010797824274,Bihar
2023-07-09,1.433678021619844,23.641019377728192,247.1332076212908,7.159615384615385,9.001474765448945,Madhya Pradesh
2023-07-10,3.1173627308208967,22.607459276091024,261.67038343266364,7.160989010989011,8.872754807088981,Gujarat
2023-07-11,1.4140062429943856,22.58452472982533,246.4106711817136,7.162362637362638,9.177610298907553,Uttarakhand
2023-07-12,1.9755051092215865,22.75775612486397,263.7472791590511,7.163736263736264,9.259662150226848,Odisha
2023-07-13,0.7938039520860256,24.08893096082019,261.15813250994887,7.165109890109891,8.8049309150494,Sikkim
2023-07-14,1.826910755845757,22.95643536668169,285.8515651903473,7.166483516483517,8.573425188346695,West Bengal
2023-07-15,3.4263922254890224,24.11323371391605,264.4109880950195,10.513125567402728,8.941563071453164,Arunachal Pradesh
2023-07-16,1.0142432836221038,26.88233196719893,279.7953969118996,7.1692307692307695,8.604377696766676,Jharkhand
2023-07-17,2.371357822439247,25.166577165037648,294.8984923770189,7.170604395604396,9.415829361071172,Madhya Pradesh
2023-07-18,2.242080965819325,23.46151415229769,312.5233721604753,7.171978021978022,8.856894665258887,Tripura
2023-07-19,2.689752714671548,25.81555714698218,298.65568420245694,7.173351648351649,8.710458479661312,Rajasthan
2023-07-20,2.1469165196810027,23.43184298442372,292.2502025352658,7.174725274725275,8.879579915935297,Goa
2023-07-21,1.1769897557368825,21.01698902140905,315.10277948561475,10.243772186673896,8.424158816437794,West Bengal
2023-07-22,2.58175276887626,22.5922661380195,280.30008077605737,10.213753846189489,8.540933370864387,West Bengal
2023-07-23,1.7347391586707683,21.328427503076604,271.28117120302994,7.1788461538461545,,Kerala
2023-07-24,2.8769847483832254,23.637564938773203,296.15838625877507,7.1802197802197805,8.643591056967923,Kerala
2023-07-25,0.8843542750408198,24.22268251383928,285.2267105037266,7.181593406593407,8.530706924975638,Punjab
2023-07-26,3.9036466961707297,26.73993069368765,278.52393556495656,7.182967032967033,9.009896924659284,Karnataka
2023-07-27,1.1972729917571,24.745885566140743,294.3088391982683,7.18434065934066,9.208733224420875,Uttar Pradesh
2023-07-28,2.382760836024977,23.95706349250099,288.1522928519977,7.185714285714286,9.072828850342376,Tamil Nadu
2023-07-29,1.3113871275015183,25.5600424377093,278.5625103959294,7.187087912087913,9.160078042005482,West Bengal
2023-07-30,2.577278774816306,21.029450882642017,269.8892637055988,7.188461538461539,,Tripura
2023-07-31,1.3882676835277683,24.72979546353648,289.9058919641201,7.1898351648351655,8.44296229448294,Gujarat
2023-08-01,1.878135603965628,25.56289119742386,286.17234144991625,7.191208791208791,9.32402646921302,Andhra Pradesh
2023-08-02,3.4375900330042577,22.218933818143423,277.1675820215468,7.192582417582418,8.780943301094611,Andhra Pradesh
2023-08-03,1.901469911102488,26.18266403184336,295.1147216088283,7.193956043956044,8.806618226931617,Tripura
2023-08-04,2.8087081855033804,25.004997358494368,264.4365149741011,7.195329670329671,9.284447253543728,Uttarakhand
2023-08-05,2.537994273926783,23.904540656621325,258.37112191712623,7.196703296703297,9.056978892930088,Tripura
2023-08-06,2.1625322419215838,25.50686510685173,265.1963039165722,7.198076923076924,9.030997100855252,Punjab
2023-08-07,3.132605278410267,27.99395137461868,270.14853544084065,7.19945054945055,9.547852351821971,Madhya Pradesh
2023-08-08,1.9616126941029548,24.89093125071961,271.5268010866335,7.200824175824176,8.709417058358484,Himachal Pradesh
2023-08-09,1.9160151389260909,25.020682527802155,265.17005700385425,7.202197802197802,9.184945445017778,Assam
2023-08-10,2.277840637189988,23.989530079261066,269.59198253657155,7.203571428571429,8.927818223183412,Gujarat
2023-08-11,0.5522661554395982,23.43402465459402,252.0450453185351,7.204945054945055,8.99541284849414,Goa
2023-08-12,1.8966135285591157,25.98451471382736,277.4870965901832,7.206318681318682,9.377496571879805,Haryana
2023-08-13,1.8934072215155564,23.48510503036747,260.71694975453585,7.207692307692308,9.07542764996381,Uttarakhand
2023-08-14,1.2286348137975005,24.90679990527964,271.2004308433538,7.209065934065935,9.088686625912691,Himachal Pradesh
2023-08-15,1.8780644422805743,24.113184159522653,261.9437369802605,7.210439560439561,9.253070882511622,Chhattisgarh
2023-08-16,2.178278023911598,25.5783598485097,261.5730266970324,7.211813186813187,8.825953741576695,Andhra Pradesh
2023-08-17,2.034482165892712,25.39060304804031,261.1921782968275,7.213186813186813,8.687797539358737,Odisha
2023-08-18,2.13540630881658,26.47663958671652,258.4606020836896,7.21456043956044,8.630238560475009,Jharkhand
2023-08-19,3.5179470777530666,24.18552485226733,258.8997550712029,7.215934065934066,8.357895220989397,Kerala
2023-08-20,2.454866855409525,24.57595682782917,264.2530637628628,7.217307692307693,9.568785215905171,Telangana
2023-08-21,0.6285335283060821,23.487898382370496,250.53664026844328,7.218681318681319,8.625081446327451,Manipur
2023-08-22,1.3386254450085515,24.16872494505067,251.7328947187423,7.220054945054946,8.893788748089104,Uttarakhand
2023-08-23,2.2691113090974024,25.280236453853,239.81692877141347,7.2214285714285715,8.881241724319038,Sikkim
2023-08-24,1.9290269144842715,25.728889518374626,251.1868864402091,7.222802197802198,9.060628602749324,Telangana
2023-08-25,1.570155735556682,23.089279486261034,226.0932198365501,7.224175824175824,9.21724863628926,Himachal Pradesh
2023-08-26,3.003868781603065,25.65605723180684,246.9379757576796,7.225549450549451,,Punjab
2023-08-27,1.2421113561273351,26.264226018976657,224.5984204935565,7.226923076923077,8.805845999198548,Mizoram
2023-08-28,0.2007924621315837,24.73004246472566,206.76367755024808,7.228296703296704,8.934753595754186,Mizoram
2023-08-29,0.7657817674327101,26.804204707848086,218.42390129196505,7.22967032967033,9.073784974157478,Uttar Pradesh
2023-08-30,1.3389433398229074,22.70744806947651,206.4037691395369,7.231043956043955,8.918524530276805,Punjab
2023-08-31,0.8895214773832452,21.880270692285624,217.6921497756016,7.2324175824175825,9.479456420058746,Kerala
2023-09-01,0.7474312979489864,20.95829325301721,198.83090306411896,7.233791208791209,9.1486661118651,Gujarat
2023-09-02,0.9657677743848684,25.74956097272828,196.9667370964236,7.235164835164835,9.22595784130945,Arunachal Pradesh
2023-09-03,2.736348513297661,24.36616386914647,178.60459269054462,7.236538461538462,9.208479765215609,Assam
2023-09-04,3.3409423513102388,23.18035925737058,189.04836537893777,7.237912087912088,9.36577842098186,Mizoram
2023-09-05,2.4244287760424355,23.56281008233688,165.40406387656753,7.239285714285715,9.072163610468255,Chhattisgarh
2023-09-06,0.8763522602696157,21.33374445103046,169.87525747942848,7.240659340659341,8.632928437591268,Mizoram
2023-09-07,1.709299354855874,26.569726870524143,189.38986084715725,7.242032967032967,9.146005286624694,Telangana
2023-09-08,2.478559013510502,22.974051553182623,185.7151444436512,7.243406593406593,8.834812712082233,Mizoram
2023-09-09,3.2873167289975807,22.823432851248,178.1831470464211,7.24478021978022,8.875755654815732,Uttarakhand
2023-09-10,3.677500842020778,23.627111474309576,160.3302385687078,7.246153846153846,9.214370744088066,Mizoram
2023-09-11,0.3620373863526128,23.139096265187487,165.59431501000873,7.247527472527473,9.414067339012508,Arunachal Pradesh
2023-09-12,0.7405231526132316,22.632529333122,162.10683175195143,7.248901098901099,9.053084769724116,Arunachal Pradesh
2023-09-13,2.552293299334813,20.99011249265621,146.63063882236025,7.250274725274726,9.143474079603864,West Bengal
2023-09-14,0.6040258991783397,22.762147590649047,169.3196973033858,7.251648351648352,9.565609538335623,Sikkim
2023-09-15,2.166138519348049,24.757102678778484,159.1307657628996,7.253021978021978,9.131291887912504,Tamil Nadu
2023-09-16,3.1375210189290845,23.83131688241928,144.21892969027482,7.254395604395604,9.843691747440932,Chhattisgarh
2023-09-17,2.1694820562541466,24.082087632266788,142.76885838994534,7.255769230769231,,Andhra Pradesh
2023-09-18,1.3269617144444426,20.8046050567818,140.65525665090414,7.257142857142857,8.543199743681825,Andhra Pradesh
2023-09-19,1.656584998168384,19.96614222016158,114.2255084586142,7.258516483516484,9.301551936880813,Odisha
2023-09-20,3.485578532963689,21.140989949520858,128.2425118890797,7.25989010989011,9.194017845135164,Arunachal Pradesh
2023-09-21,3.0664150340495984,21.292378577224248,119.96587180573628,7.261263736263737,9.470717035016031,Rajasthan
2023-09-22,0.2072112654539046,22.72919936561851,112.84094275819368,7.2626373626373635,9.289866493293076,Kerala
2023-09-23,0.9832688544410207,18.41185250597721,116.85932674147008,7.264010989010989,9.050496171837835,Uttar Pradesh
2023-09-24,2.059348456144624,23.06355624842169,136.43840373003368,7.265384615384615,8.728864375267037,Goa
2023-09-25,2.4755392533144307,20.3509002400436,123.66117586541732,7.266758241758242,9.037567748088918,Tamil Nadu
2023-09-26,3.1952932257930065,19.76627180167228,110.33216614612807,7.268131868131869,8.849239468132813,Bihar
2023-09-27,2.0007786412030715,18.70711816238447,120.5609926487264,7.269505494505495,8.934359448575067,Tamil Nadu
2023-09-28,1.1775008097830129,17.561671036157392,127.61992799223368,7.270879120879121,9.289210883963548,Karnataka
2023-09-29,1.6946745511100625,21.09739323858023,121.6639192467101,7.272252747252748,9.617729593063665,Telangana
2023-09-30,1.9684918998492484,19.79129563210129,111.80509490799298,7.273626373626374,9.239280579826016,Uttarakhand
2023-10-01,1.8969517214919789,17.56505865038842,103.53063222294426,7.275,8.766235081389445,Mizoram
2023-10-02,4.1884086967143,17.37606316058589,115.77344192734466,7.276373626373627,9.262501679586922,Goa
2023-10-03,3.365786320741482,18.633685588427447,111.51727143663508,7.277747252747253,9.492231204235454,Telangana
2023-10-04,4.554518776007624,21.45957624397804,115.32555857390368,7.27912087912088,8.954427766066821,Chhattisgarh
2023-10-05,3.273549394786033,18.38533824767987,111.51655318165488,7.280494505494506,9.10127836648164,Punjab
2023-10-06,1.564424656250394,16.338692163729434,114.45157110923728,7.281868131868133,9.150010854023154,Arunachal Pradesh
2023-10-07,3.111779794599839,18.043473315959,97.39490063164708,7.283241758241759,8.914255780800604,Goa
2023-10-08,2.2426163181929093,17.821683876147723,114.7124021948048,7.284615384615385,9.348330283999312,Sikkim
2023-10-09,1.7290122447418337,14.004120585038187,102.30566637659427,7.285989010989011,9.1216825883847,Karnataka
2023-10-10,3.610050416923731,17.78668956835515,119.87348784713176,7.287362637362638,9.28794764526002,Meghalaya
2023-10-11,2.7053511374339294,17.340411391500165,91.0202097311922,7.288736263736264,8.899961137868162,Meghalaya
2023-10-12,2.563066034562116,18.549804052714634,114.0629347349492,7.290109890109891,9.039092180232648,Andhra Pradesh
2023-10-13,4.916327416398913,20.09760996659384,97.47361332913196,7.291483516483517,9.39116495679888,Himachal Pradesh
2023-10-14,1.6440399927156042,18.832704687178783,87.77153424956983,7.292857142857144,9.0667214829439,West Bengal
2023-10-15,4.237185519482922,16.558205425706213,88.23806473637985,7.2942307692307695,9.70078146306233,Uttarakhand
2023-10-16,1.735885054107219,15.12043091710728,88.6646587861887,7.295604395604396,,Goa
2023-10-17,2.956499431613524,20.45894080377589,94.90100012335982,7.296978021978022,9.25833948365963,Meghalaya
2023-10-18,3.2136251010704844,16.506410068604144,94.67890433090442,7.298351648351649,9.474832194616871,Assam
2023-10-19,3.801547047928848,16.257157674133158,82.50475820237246,7.299725274725275,8.773666104295915,Punjab
2023-10-20,3.408611378487046,16.018757424280047,86.78942111035718,7.301098901098902,8.67505405970247,West Bengal
2023-10-21,2.615515595586823,16.17075351477816,107.24687941029448,7.302472527472528,,Uttarakhand
2023-10-22,3.531155891917066,15.475767074421777,101.89081631639172,7.303846153846154,9.590313692566616,Bihar
2023-10-23,1.182126396762191,14.65049600066866,87.76983010333375,11.362235707929964,9.050101896891608,Odisha
2023-10-24,3.113568401097964,14.50938191780974,82.57783697948419,7.306593406593407,9.987240005480697,Uttar Pradesh
2023-10-25,1.5482816643123831,15.099221743027655,82.18932425619363,7.307967032967033,9.054626819303882,Assam
2023-10-26,2.148753258927432,14.146401304837816,86.02528961741406,7.30934065934066,9.283387368981089,Odisha
2023-10-27,2.745458900660634,13.680731325984247,69.05778863373023,7.310714285714286,9.69477584291322,Punjab
2023-10-28,2.0646408348396634,14.698106879999385,76.10755330708524,7.312087912087913,,Gujarat
2023-10-29,2.67417741210699,13.94445725079179,61.39108233814717,7.313461538461539,9.858835688375532,Punjab
2023-10-30,3.3632902276271177,16.371374098258652,81.46475869858027,10.36229869906936,9.607015363683438,Himachal Pradesh
2023-10-31,2.5063960317387384,9.927391441256631,83.34009126515926,7.316208791208791,9.555845131369813,Andhra Pradesh
2023-11-01,3.4194564027280063,15.32956797019139,71.43187164074254,7.317582417582418,9.430505337507606,Haryana
2023-11-02,4.862933425748534,15.349897019515671,91.39920829224098,7.318956043956044,9.490376454718122,Gujarat
2023-11-03,1.5278361147569917,10.15914542061854,62.797288424921625,7.320329670329671,9.095633296090451,Nagaland
2023-11-04,4.142841495252282,12.543660916571785,59.80680064845126,7.321703296703297,9.0196502250832,Haryana
2023-11-05,1.987342861760354,12.288992547160154,76.09067203175356,7.323076923076924,,Andhra Pradesh
2023-11-06,2.9508985579646367,10.523347842538657,83.71274126787979,7.32445054945055,9.222296261594169,Karnataka
2023-11-07,3.0262489091007274,11.256351891690606,89.47663955194132,7.325824175824176,9.141504112674344,West Bengal
2023-11-08,2.7542459647327986,10.545674693339722,67.44412440427763,7.327197802197802,9.49050964083042,Tripura
2023-11-09,4.450034513015822,14.628405665135432,82.21537976288437,7.328571428571429,9.57230584828544,Tripura
2023-11-10,2.399232811091457,13.191979128182735,70.43909112916877,7.329945054945055,,Nagaland
2023-11-11,3.971216532114441,13.484255719414314,68.49350722037202,7.331318681318682,9.737215068272622,Tamil Nadu
2023-11-12,2.65178252069392,12.447892711449462,78.45198399025132,7.332692307692308,8.955570188836871,Jharkhand
2023-11-13,3.629896995165899,9.460268497020312,75.53421779512321,10.827098203050705,9.244099964413888,Assam
2023-11-14,4.153355245438562,10.155527292888028,52.64267183675091,7.335439560439561,9.09127198513784,Gujarat
2023-11-15,2.421070163412386,11.46483107261111,82.56760129945677,7.336813186813187,8.750478575317642,West Bengal
2023-11-16,1.738218555895192,8.686039055892849,80.9987157392767,7.338186813186813,9.28975623380763,Meghalaya
2023-11-17,4.640562443967032,11.377189952950896,60.337779578311306,7.33956043956044,9.282157066166334,Uttar Pradesh
2023-11-18,4.074809116286603,9.735665748916642,69.94704632338507,7.340934065934066,9.776837120774836,Meghalaya
2023-11-19,2.157486520197102,9.322384173290994,70.32491724744278,7.342307692307693,9.51616658228951,Tripura
2023-11-20,3.1285866233502726,10.73951687538216,67.38695743845885,7.343681318681319,9.023787908745197,Punjab
2023-11-21,2.3620574029442856,10.127933428767516,58.67277263736996,7.345054945054946,9.891392605065093,West Bengal
2023-11-22,2.245453636982228,8.708550751271382,56.85519489204806,7.3464285714285715,9.70559582294332,Mizoram
2023-11-23,1.8734186215510185,10.777456243507906,62.7114922571185,7.347802197802198,9.518035904447178,Arunachal Pradesh
2023-11-24,4.373107203306708,7.205328085523234,74.08992755523101,7.349175824175824,9.279582242872523,Andhra Pradesh
2023-11-25,4.693496526608156,9.539288025801008,67.19424330418607,7.350549450549451,9.063816580631308,Meghalaya
2023-11-26,2.007446062781529,9.293498040798736,57.44770283298511,7.351923076923077,9.244107197947914,Kerala
2023-11-27,3.288009358351087,7.727988033336707,68.266437655934,7.353296703296704,9.686514695801366,Chhattisgarh
2023-11-28,2.105293001835609,8.475463269626909,31.43215621128164,7.35467032967033,9.929386880791371,Chhattisgarh
2023-11-29,1.9421457030629847,5.958494470586881,70.49864601471005,7.356043956043955,9.831104926613524,Uttarakhand
2023-11-30,1.558719071412093,9.070106462876282,40.707257816614586,7.3574175824175825,9.225597920716869,Tamil Nadu
2023-12-01,2.033171635507323,7.255613828302551,53.573392783770885,7.358791208791209,9.040488396386923,Himachal Pradesh
2023-12-02,3.4522099860093416,6.597783601089571,45.09450984494734,7.360164835164835,9.422760379567867,Himachal Pradesh
2023-12-03,3.9239116435628496,8.804283069524567,42.43780062740635,7.361538461538462,8.854083574946529,Assam
2023-12-04,2.787380752613796,6.02315479385619,66.08628985180717,7.362912087912088,9.485686577991697,Odisha
2023-12-05,4.717387783407484,4.815879484026093,48.894416558309686,7.364285714285715,9.348576366967542,Meghalaya
2023-12-06,2.199009738616734,4.442528767186672,56.12987398214233,7.365659340659341,9.25716707141755,Meghalaya
2023-12-07,3.844897455590988,7.535388553392082,51.2890359694499,7.367032967032967,8.922687980918862,Assam
2023-12-08,3.705244099145096,4.554630696530301,55.62205662387957,7.368406593406593,9.559299812190696,Punjab
2023-12-09,3.962760020095026,8.956367097152368,50.71327385565749,7.36978021978022,9.249530407442084,Telangana
2023-12-10,2.953904011523491,3.050182811251342,36.20853929657585,7.371153846153846,9.062486487748451,Sikkim
2023-12-11,3.045966436480185,8.566662574413078,58.09453632633952,7.372527472527473,8.555903753597923,Telangana
2023-12-12,2.524586298674787,6.187405321683052,42.287708893661616,7.373901098901099,9.413448825188109,Andhra Pradesh
2023-12-13,3.690841543398784,5.57471055197463,30.752862332083804,7.375274725274726,9.957499654825098,Telangana
2023-12-14,3.1161296166100256,4.75130268846789,41.13093630242876,7.376648351648352,9.928322819309416,Punjab
2023-12-15,3.2599665624082323,6.016286589110524,59.51309241183762,7.378021978021978,9.296937057090052,Karnataka
2023-12-16,3.893433951424985,5.21003146284624,52.10111852003601,7.379395604395604,9.25752319507828,Mizoram
2023-12-17,3.5234688958461247,6.770337438409399,39.20578634822911,7.380769230769231,9.582939969130198,Haryana
2023-12-18,2.854211339881559,5.135627187278772,38.29313724252998,7.382142857142858,9.146912939672085,Bihar
2023-12-19,2.732042729296509,5.038639455379632,37.662770366947065,7.383516483516484,9.54108702049529,Goa
2023-12-20,2.8912303317552333,4.116669593767127,60.74000730813587,11.05032676733412,9.684494413185735,Haryana
2023-12-21,2.976893594289743,4.425570575407414,42.88528858824962,7.386263736263737,9.8268711759565,Punjab
2023-12-22,4.543822984471114,4.821592763228198,42.45975713125135,7.3876373626373635,9.432865864968102,Assam
2023-12-23,1.8417807071956405,1.6435386198062665,47.55558179306565,7.389010989010989,9.405930841979876,Meghalaya
2023-12-24,3.901586351845912,2.035414174533739,38.73404543641899,7.390384615384615,9.207759070126878,Tripura
2023-12-25,1.989918855438213,5.021489547627476,32.84913898135339,7.391758241758242,9.227210619062769,Assam
2023-12-26,1.3360881624580505,4.01179266268642,32.569468542117264,7.393131868131869,9.411451936825149,Tripura
2023-12-27,1.4373083859474265,3.3284205998665835,32.91036103223298,7.394505494505495,9.593726135561337,Nagaland
2023-12-28,3.215184463240902,3.480947602894796,32.34755785468182,7.395879120879121,9.761712750507336,Maharashtra
2023-12-29,3.538024755828175,3.823570360240308,39.0894822495566,7.397252747252748,9.250804556554137,Nagaland
2023-12-30,1.965547472875958,2.3414593806348627,31.426052264666424,7.398626373626374,9.943685691566976,Arunachal Pradesh
2023-12-31,4.243814132256128,1.832542911896531,37.32640077215579,7.4,9.418662919687227,Sikkim
2024-01-01,7.3618703549582385,18.463453109732292,211.4006638240071,7.0677993946167135,9.00900555349008,Tamil Nadu
2024-01-02,15.528079584996245,9.600552480743483,114.34242645121392,7.040809827918119,9.271624047029936,Mizoram
2024-01-03,22.511135961062593,18.11586282395388,237.67547607632707,7.108448205738584,8.711253866992685,Sikkim
2024-01-04,-3.1833135886129744,8.279588166865064,141.16285620459678,6.792458932242441,9.202571422875398,Gujarat
2024-01-05,14.432089494569237,7.20751610952446,75.65109218936006,7.530592476656839,9.566609810905758,Goa
2024-01-06,6.952551682458295,3.8620010310223627,161.85375492612616,6.157230297168753,9.13761034795836,Andhra Pradesh
2024-01-07,0.031071797606048612,22.874891481805843,0.0,7.3261331841734485,9.08740886358507,Tripura
2024-01-08,20.687507856034813,9.32140665568143,201.37454366829536,8.290767059276067,8.573022157035028,Karnataka
2024-01-09,19.600895858467,9.784627079661663,0.0,7.3436285801264765,8.424944553877435,Nagaland
2024-01-10,10.592441008812745,26.811720274944562,122.7411080537159,7.312272264248657,8.338597211678149,Assam
2024-01-11,7.6772469503052045,15.601666657062232,61.86517901664518,8.11722386613199,8.327370583293519,Andhra Pradesh
2024-01-12,-0.30187381541311087,31.493875175792827,163.17706858805712,6.9846430682290706,8.846356579205933,Tripura
2024-01-13,-15.931591290026923,18.501042206879934,157.4440324705402,7.033558137545894,8.524009028601,Tamil Nadu
2024-01-14,33.46172478068699,19.19362332363626,98.9615407850241,7.089984458809827,9.175234141643866,Andhra Pradesh
2024-01-15,-0.8010524808162804,16.982861856546158,116.61681905860449,6.13466054782549,10.046902321496276,Jharkhand
2024-01-16,1.2335443502369126,6.185635764956773,191.14436011852456,7.2793152767028575,8.547021895023809,Haryana
2024-01-17,-0.9566922855981081,13.06843690321119,116.33567784485966,6.769093605511584,8.364629663103635,Gujarat
2024-01-18,-1.203317669929187,7.028891687584562,149.5005692532884,7.894517141563398,9.934287749847185,Karnataka
2024-01-19,-4.3985185582215705,25.308325058471937,131.6639721484112,7.155045033556071,8.51593281737349,Bihar
2024-01-20,4.281166901268387,8.202662154211664,172.53917974367226,6.990532418225377,8.593179551594748,Tripura
2024-01-21,10.91506691638764,-0.9995341994489877,132.48600660003464,7.056461989867329,8.722300266603533,Manipur
2024-01-22,0.8580200581725368,8.721085279644365,327.861169820819,6.283095751713878,9.416532597400154,Gujarat
2024-01-23,-12.657454392882439,10.849112154892673,111.52382902525729,6.793798245125204,8.551466517277962,Telangana
2024-01-24,14.811543146674925,13.972982894801254,239.34511354434892,8.377467008738492,8.950647089176961,Punjab
2024-01-25,-4.345099117888762,11.501270813684457,0.0,7.082748344258253,8.332849685370757,Chhattisgarh
2024-01-26,11.423781492004153,20.458963505623753,113.052663129527,5.75104656901547,9.441282740823883,Manipur
2024-01-27,-11.626495924733373,8.918683708935632,132.94313205390557,8.133608497875988,9.345741519651531,Telangana
2024-01-28,24.259077292484523,24.10046418203968,64.7983135459342,8.026305528004027,9.486077047530866,Andhra Pradesh
2024-01-29,-0.6378729820820093,9.559427604050239,156.18085225945617,7.8976664711018305,8.910615048352907,Bihar
2024-01-30,-4.096646757714283,17.43224581662587,93.12107840937823,7.853888516225983,8.536545130770342,Punjab
2024-01-31,6.202372657098315,13.046682643095398,204.04080526757298,7.270330492230057,9.083082088944128,Sikkim
2024-02-01,21.38358554392488,10.873342785437043,49.28217677944183,7.677274061294391,9.19463087259073,Andhra Pradesh
2024-02-02,0.9594825890118592,6.034884563132899,205.90001687931564,7.2596720738183524,8.914709796005843,Haryana
2024-02-03,4.610402925870533,11.640250799293767,199.79557949386896,6.2280108908987,8.82678518125188,Uttarakhand
2024-02-04,19.27276872833692,20.78691676458963,8.363572507555716,6.727308207927633,8.786900104495645,Gujarat
2024-02-05,11.470551368755153,8.012771534924024,86.82097674869115,8.1064906980385,9.718985931929973,Assam
2024-02-06,14.442912677492554,11.38551197263662,279.56921676018425,7.042901656494603,8.868444045213536,Kerala
2024-02-07,29.72783722083124,21.715781936244763,251.6932112252569,6.970023034372026,8.811047642420549,Punjab
2024-02-08,13.38655110384613,6.441128809981924,208.82756126588905,6.82744937056489,9.565241851314298,Goa
2024-02-09,6.675482961571065,18.14916129902048,243.1112073668222,7.15864045281881,8.412986870696264,Odisha
2024-02-10,-1.413768482220882,14.622458508840149,123.50862352899583,7.965153451924402,8.865024622730038,Kerala
2024-02-11,12.959662366373948,12.463610997392708,81.85383085311432,8.36272472005777,8.629248056918822,Tamil Nadu
2024-02-12,21.820398518461825,8.004471501655512,160.72224373128876,6.670989036474036,8.820536661270486,West Bengal
2024-02-13,4.2543865923626685,16.459589046373313,97.74695312224021,7.428105000082743,9.410285204765563,West Bengal
2024-02-14,22.56391542390688,4.570985371323202,71.07334598555417,6.4895751944026205,8.205087559877887,Mizoram
2024-02-15,-8.450179325980791,12.811349417398219,195.24748232925748,8.103579714058597,8.681430556897297,Gujarat
2024-02-16,1.9235971456592855,26.632688649800983,0.0,6.644251734932683,9.025300465711775,Assam
2024-02-17,15.985935979441603,20.274556744373456,109.46101174464593,7.5874524003769865,8.581059850838862,Nagaland
2024-02-18,33.741567861444466,13.292531199900019,123.93293099666863,7.698512792799518,8.667041643530917,Manipur
2024-02-19,23.24555705192436,6.26952227645838,129.7637574732355,7.213681364898397,9.234653396150428,Manipur
2024-02-20,0.7089460692787029,7.803855734357935,160.31261369386394,5.955647724417322,8.729680306651503,Jharkhand
2024-02-21,4.897764357721057,22.882739266659918,148.33686371494076,7.067103005515425,9.322877328482864,Gujarat
2024-02-22,20.05921970418973,4.535482960854456,99.29789718678882,7.350731186805751,9.07965565412203,Himachal Pradesh
2024-02-23,-1.6508605859116061,22.922336562918517,35.73900071856849,7.790603787933646,8.981333045417603,Kerala
2024-02-24,-1.2398572921112008,39.548509706951464,106.3536650774964,7.306807170992339,8.448970671385435,Assam
2024-02-25,16.125847482275088,8.093714782702472,174.52936471995446,6.78361288836927,9.536327858620561,Andhra Pradesh
2024-02-26,-2.363198959259063,19.561542349925816,154.94424847628338,7.666829741068892,8.490390286630742,Kerala
2024-02-27,11.180930096634883,17.455605613427014,165.1884491553807,7.559642420545457,9.733870241917531,Kerala
2024-02-28,5.919432823370847,14.93523837535417,4.362052436711721,7.622358978482385,9.07392001770325,Odisha
2024-02-29,20.346606149423696,6.7177790717166666,205.5137025351,7.42153358093788,8.889787587301011,Kerala
2024-03-01,29.299290186698144,8.559542682137476,119.94570065355092,7.3195043884582365,8.554688253818162,Bihar
2024-03-02,19.715129939347257,21.189117597246852,0.0,7.579270663319111,8.360006757723927,Chhattisgarh
2024-03-03,18.442045290064808,12.049046745062743,120.34149055244447,7.376742816280097,9.951611627944478,Uttarakhand
2024-03-04,9.153654651735136,3.440226159925283,125.08639699878705,7.624740902316037,9.45239393551834,Odisha
2024-03-05,5.159175193086373,17.948489743033235,66.33454367855998,7.053044836824202,8.497865002769883,Haryana
2024-03-06,7.112688311477431,31.539043511907064,81.2761571166029,7.545540005950995,8.705953175262307,Meghalaya
2024-03-07,13.621069709445807,8.970438597030599,136.23676139617717,7.879851807737409,9.092120422345046,Karnataka
2024-03-08,0.21596131816851738,13.93278051321031,151.63821633274083,6.962505009954892,8.619834879493329,Bihar
2024-03-09,10.32978658482644,30.244010398084388,72.02486281328314,6.739306708376459,8.266102272538534,Haryana
2024-03-10,26.96058138307775,28.298209726945693,136.86750147387403,7.101829274599273,9.391262298581069,Tripura
2024-03-11,4.0889603294120995,12.98456742584578,139.3035088976504,6.710312966424089,9.552889110453174,Jharkhand
2024-03-12,2.185477079653843,-6.777813793252317,204.18040008443148,7.728716812709105,9.531530290796871,Meghalaya
2024-03-13,3.157651591141497,21.391929247181537,157.76512804299315,7.690251177990892,9.330225566081776,Andhra Pradesh
2024-03-14,7.634173268203219,9.230651375746284,33.43704369890503,6.880925920958672,8.779460948089298,Nagaland
2024-03-15,-5.3732419608450455,12.219484889079657,2.2766638112095023,7.390872464358978,8.711914367358139,Goa
2024-03-16,13.93834757860333,-0.8063540300931873,166.42551280646427,6.927531173514323,8.535708005978655,Nagaland
2024-03-17,6.512564411030935,10.098558799435676,28.856948944005893,8.207335897669681,9.188838579406582,Punjab
2024-03-18,0.6615834015682003,7.240610976664346,0.0,7.449399712418442,8.365711999254762,Karnataka
2024-03-19,18.354135990788016,7.457500030360192,183.53052802224056,6.829375093754962,8.898450029755502,Haryana
2024-03-20,21.527099993592888,24.705280784834088,67.51894635178148,8.50959828091243,7.383821642085084,Nagaland
2024-03-21,3.879053067361024,10.520700532561087,28.94493569523135,6.914033165618622,8.964922839939705,West Bengal
2024-03-22,1.4863290868942158,3.6493682754865375,90.47777948687873,6.5267708899730605,8.590696451621481,Goa
2024-03-23,3.4100189406320984,21.610535930344717,97.32640063836989,6.861230664770976,8.590683946255224,Haryana
2024-03-24,9.336181738937888,13.068457097715582,49.998767320040955,7.134693401204828,8.740977453576352,Goa
2024-03-25,16.696607075664655,-1.626702297567693,0.0,7.42070312903742,8.747073116281605,Assam
2024-03-26,10.632400957451015,17.20426269667655,110.71682142706173,7.577721338192453,7.828411427979151,Jharkhand
2024-03-27,3.2785913206625015,18.068065858721404,37.546301856004106,5.975766866150629,8.55687806830418,Maharashtra
2024-03-28,-6.957717549753055,15.228378540961899,250.54694711294388,7.622289222350883,9.020762933603656,Meghalaya
2024-03-29,-16.267675277160066,1.2252782207032595,222.63844198711394,7.0818139447198725,9.050214052944428,Chhattisgarh
2024-03-30,9.885035608652824,6.374430304929191,136.3627066841459,7.24516069482535,8.635289237039226,Telangana
2024-03-31,15.999212791945755,2.1662701321916735,1.9119083895577944,7.339200819876739,8.302823872516136,Himachal Pradesh
2024-04-01,-1.414139466706497,16.855770768493045,0.0,6.929811498870646,8.990790125874785,Mizoram
2024-04-02,25.248243149856236,37.896658164942814,180.60854213197865,6.229546900457812,8.6917874439191,Punjab
2024-04-03,4.971307592989355,11.906674338030307,0.0,7.801582657342737,8.631149408286836,Madhya Pradesh
2024-04-04,10.484065784969472,20.270030345592527,23.817921916387604,6.22473951616335,7.364810256904024,Tripura
2024-04-05,21.132317430160025,19.348129891026634,12.158174462913564,7.378735341904494,9.376633534992887,Tamil Nadu
2024-04-06,23.879688135993298,18.087511106191844,170.58466528112496,7.941474820885313,8.848788263620742,Punjab
2024-04-07,6.122709770162456,3.902833877499285,97.95895557414286,6.826333217692595,8.906121419583387,Gujarat
2024-04-08,-5.648256981597227,7.278160713694822,230.3761257992721,6.992612034683763,8.519190073832965,Kerala
2024-04-09,-22.04012461927257,17.453728701207595,10.677972360871081,5.99296875131122,8.396622114387469,Uttarakhand
2024-04-10,32.93013702333129,11.117079227551091,95.09279418202846,8.491264911230575,8.41849705180418,Telangana
2024-04-11,16.23487577066711,16.2457023203378,184.16203274626366,7.0258259428895355,7.852466542127019,West Bengal
2024-04-12,15.476074571269063,12.675311002389904,64.33586146255209,6.869421296741852,8.539030740322124,Maharashtra
2024-04-13,4.382039552018349,12.912032201184912,24.559632820233205,6.820892275194415,8.704516911210689,Telangana
2024-04-14,17.344411345290666,28.54455711249393,121.629320118989,8.027745740428488,9.664553014600097,Karnataka
2024-04-15,11.173357499790251,1.8296996271430803,29.562439287544734,7.541432414149979,7.909260288729015,Punjab
2024-04-16,15.292303470097512,29.47066627872293,149.2163924324558,7.854042662176136,9.755492751773627,Maharashtra
2024-04-17,3.8679730191976724,10.820791744039287,76.12148626692338,6.526777041585952,8.8447759193432,West Bengal
2024-04-18,-2.4865070633777906,14.486076941972406,33.05696042004345,7.415705288254127,8.441923241008373,Madhya Pradesh
2024-04-19,2.7238695750597017,5.600846250763615,12.05958591237787,6.924387513067406,7.705107736879812,Madhya Pradesh
2024-04-20,26.794858446749274,15.646822403156325,151.88218565448483,8.049871094814222,8.534059492268296,Uttarakhand
2024-04-21,6.049526523153421,13.01995667285704,179.77858653514255,7.787819532628978,8.679002136778704,West Bengal
2024-04-22,4.276559069617872,5.153993538470861,89.28295005287004,7.99840307295117,9.60433690863471,Assam
2024-04-23,1.492808464095683,6.191362161793375,32.022319202153085,7.788896864904958,7.933659674067864,Tamil Nadu
2024-04-24,17.30896214682671,16.62885849512907,107.90321185650717,7.082280181184558,9.257357436849535,Jharkhand
2024-04-25,17.345825396332643,20.442713854342443,133.0306400559263,6.867596984741272,8.329130943515239,Punjab
2024-04-26,-4.893706302527437,17.030868557502128,100.87986183907108,8.570542237583183,8.924627639225086,Kerala
2024-04-27,-3.7833152160760486,-8.205950041420532,21.4918354430134,7.874990798803648,8.505538577030052,Punjab
2024-04-28,10.53472487023126,10.042574481379969,173.95479824147463,8.54885386385619,9.02821314797556,West Bengal
2024-04-29,9.843099990824934,15.734020612910308,0.0,6.960099859629201,9.742619651931667,Gujarat
2024-04-30,-8.440960410769588,20.6852538203655,242.73346287237462,7.1624643364470915,8.61588522173111,Chhattisgarh
2024-05-01,7.635632597786814,6.645546012967431,80.22018879773341,7.332300787149897,8.69462580283004,Gujarat
2024-05-02,13.18226026326348,6.43859543042878,55.84795372201165,8.392091904397482,9.117496499547887,Assam
2024-05-03,-1.6690918717648993,15.251413235297612,145.1356526994641,7.782890218058042,8.802783746056141,Arunachal Pradesh
2024-05-04,6.518813058080179,2.1524377671677577,74.83803664746469,7.175567897576528,9.55292966221406,Uttar Pradesh
2024-05-05,-7.397812894018911,21.74785831409803,61.19260749255553,6.953957680130472,8.190277953509378,Madhya Pradesh
2024-05-06,2.0013332169844906,9.249074187090685,15.38790482284793,6.58248317731254,7.973770972502817,Tripura
2024-05-07,-0.4594255286377402,22.33865286989077,276.46207324587004,8.076092338192316,9.018489162667993,Nagaland
2024-05-08,9.999979009746163,12.347702616854171,172.1516385854581,7.316374999580398,8.402852347904426,Uttarakhand
2024-05-09,14.361197906581133,19.34822482510767,1.7897402635805406,7.45250157090499,8.836246403985129,Mizoram
2024-05-10,6.194664965193846,18.158702188844202,195.33044911912333,7.129659971448158,8.914614553137438,Rajasthan
2024-05-11,14.132106377668157,23.682557214619017,41.79940683856132,7.776352279645186,8.440946117558996,Madhya Pradesh
2024-05-12,-7.240807863897682,14.368495538919769,0.0,7.497300560162304,9.035368100072427,Telangana
2024-05-13,8.66936179540549,12.151747055326481,77.44895924699313,6.944075813313351,9.067764118644577,Gujarat
2024-05-14,11.179975205366103,24.998148412362276,201.578591323073,7.69403429566773,8.514424192894717,Jharkhand
2024-05-15,23.56738788840904,12.9376928250344,145.66460275073564,7.316674455084306,9.412570463259796,Haryana
2024-05-16,20.30029041908016,16.612067998265076,62.90047817221582,6.468047506729494,9.41797981116654,Maharashtra
2024-05-17,23.618580249265733,11.85150891675096,120.01014209668665,7.322821820454527,8.644678100212754,Telangana
2024-05-18,15.028629217071117,15.360002220898261,68.96142276135464,6.837987159288758,10.068452982620832,Maharashtra
2024-05-19,21.954731448175032,18.93756319855003,89.30303279601148,7.472317277466062,8.202938454509514,Uttar Pradesh
2024-05-20,-12.286507632680674,27.716495288290453,168.19360412203577,7.277580375884673,7.708382603479704,Himachal Pradesh
2024-05-21,-7.7717438242233845,16.989287248092218,115.07477383660245,7.149466158579707,8.726178625914125,Arunachal Pradesh
2024-05-22,-2.692941098778479,14.500324841117632,132.03190589739944,7.417083329049335,8.441529835558718,Jharkhand
2024-05-23,-10.128731827337738,7.04838006279924,70.78524205155617,6.803905661168104,9.8444857185679,Mizoram
2024-05-24,20.683896220006094,29.274131676808075,166.74397990998773,8.255475924562992,8.891662771067084,Punjab
2024-05-25,2.7995751071025987,11.518656081347368,90.9376061758384,7.700216888943918,7.95401295406441,Telangana
2024-05-26,0.5987240120350128,0.5729615240384351,77.27998383555006,6.992675513164124,9.35311753908766,Arunachal Pradesh
2024-05-27,4.623457212134001,14.4030050038006,152.59610652815678,7.716160708722172,9.826878871242325,Rajasthan
2024-05-28,12.275734260817885,2.6135535868078517,109.81369515161359,7.833816282359304,9.008444372468407,Manipur
2024-05-29,20.697457136739484,10.692309162674109,117.87423595004901,7.061551619476199,8.21386678672164,Manipur
2024-05-30,21.23530050665491,24.11237865193229,0.0,6.862617961198151,8.562148785426276,Madhya Pradesh
2024-05-31,4.4878522294662115,10.724958448400807,173.38269609547262,7.645415886447877,8.385513637589268,Telangana
2024-06-01,6.320935334256502,13.388210672697744,63.29362585364996,6.383439164332344,8.334492910538467,Meghalaya
2024-06-02,1.21542075314066,13.548982055546734,86.90277817347209,7.501978496311922,8.810155826184587,Tripura
2024-06-03,18.280415810174713,11.615552843935127,140.21991763253746,7.626365958971752,8.774606656102314,Meghalaya
2024-06-04,25.057624975982336,16.88638902568938,201.1686067466928,7.968741888464883,9.656272433860043,Meghalaya
2024-06-05,14.594685484003232,7.762053091325208,257.26473325978714,7.276846444194837,9.121449239090524,Chhattisgarh
2024-06-06,4.716242000785249,22.637039144255844,97.39104231622827,7.685348446052446,7.053914758379731,Andhra Pradesh
2024-06-07,10.077996202034178,6.694460233748478,78.4126843705947,7.519742204772619,9.092513579357812,Himachal Pradesh
2024-06-08,8.192433823962626,25.98559212643825,0.0,7.7370198729999355,9.757052187887417,Arunachal Pradesh
2024-06-09,-2.637077321627584,20.105349546287403,208.22292141027725,7.409867656525529,9.95347587187793,Himachal Pradesh
2024-06-10,-0.6554434943621059,25.804114045553817,105.1110135155088,6.181928632316804,8.522991959873764,Jharkhand
2024-06-11,3.9607687925931,-0.4176065447153743,49.967677387082674,7.791610113354386,9.525411551026648,Nagaland
2024-06-12,5.633895434409437,17.76142150124001,0.0,7.75298580217732,8.717285347769899,Chhattisgarh
2024-06-13,14.811844836313734,11.256256768760084,84.09351876018317,8.519407904627398,8.170904713386067,West Bengal
2024-06-14,-7.6063347951371005,21.252312220750873,167.30655130323572,8.16614585735232,8.547887111765753,West Bengal
2024-06-15,-16.606811757458008,10.238690428540561,74.39806592192225,7.804105228022158,9.21182477829587,Telangana
2024-06-16,-4.975962091725466,7.400776975439903,65.37593912588754,8.177526506682721,9.201253396531117,Arunachal Pradesh
2024-06-17,0.7463650866475096,12.652829607772249,32.93150839905846,7.768885426002206,7.848657699750247,West Bengal
2024-06-18,-3.0807780858177276,12.520349430500929,9.693257625867346,7.632478706442374,8.912621845493543,Karnataka
2024-06-19,7.3700026354818515,9.366938132155163,94.75789797244543,6.9565309690094415,9.283271886153605,Odisha
2024-06-20,22.93483948430878,17.222385658532527,236.6777464217248,6.414322783520074,8.775080460641703,Jharkhand
2024-06-21,15.92583659483751,15.789163941987818,122.06622485620824,6.588977440598364,8.83933629798221,Kerala
2024-06-22,-1.2069623056996415,-3.1970843780762834,111.4554411240886,8.237262141538814,8.96969822643476,Meghalaya
2024-06-23,4.1578970056716695,6.788281484240474,0.0,6.676731406476387,8.913385966353772,Himachal Pradesh
2024-06-24,-2.263087290500816,24.656499130782763,158.47067204462311,8.28330527095643,8.850219428685032,Uttar Pradesh
2024-06-25,11.459147986694251,-4.619272152838484,45.15060146627734,6.751767027870761,9.481797732653757,Uttar Pradesh
2024-06-26,3.168634556407272,14.722236787864244,95.17793896214707,6.371268881942471,7.574954445371245,Arunachal Pradesh
2024-06-27,2.2488701993652302,16.99064104627403,155.54466270026705,7.9279377761118015,9.550237702903129,Manipur
2024-06-28,22.884001446661514,9.98481685367169,204.1447964752248,6.549199818915601,8.725566705619201,West Bengal
2024-06-29,13.275257751322336,13.78924914706381,202.99430490961146,7.37391180168796,9.722745761415437,Uttar Pradesh
2024-06-30,12.566130372137692,-3.8592186440658978,97.4242827796244,6.987919465025828,8.535794603353716,Karnataka
2024-07-01,8.904269757821712,23.22370249799564,224.94974338369065,7.683385033535272,8.750651672296648,Madhya Pradesh
2024-07-02,-23.208435031077965,11.01545899255072,78.35187453923147,8.208343259127304,9.40454621885647,Tripura
2024-07-03,8.31784700499633,10.643933080356526,123.17153826197185,7.140499041177703,7.601021378748592,Punjab
2024-07-04,17.512109824035793,14.103687607516564,43.69978623557129,6.92556997640558,8.092357693095828,Chhattisgarh
2024-07-05,24.470613184878697,21.99767788643014,44.770824880122206,7.749832693189605,9.08517409064555,West Bengal
2024-07-06,2.203644951082783,6.835679812530012,235.0756654838342,7.645367474463536,8.687101079911438,Uttar Pradesh
2024-07-07,23.86367985286296,16.146386486398825,3.8531648650535004,6.837922965335425,8.748813992051529,Kerala
2024-07-08,-0.17808297612364932,-3.4988880890113094,0.0,7.4617531568448126,8.70374024000059,Tamil Nadu
2024-07-09,45.905863506722255,19.39109247518878,261.8541967920908,7.440017901546699,8.846562911681385,Uttar Pradesh
2024-07-10,0.24442021886755594,12.07132497707229,104.81254779737664,7.473314791506146,8.550334736108923,Manipur
2024-07-11,-5.385667685962502,1.5133764308388074,26.253608043343746,7.326205709728102,8.795555104831696,Uttarakhand
2024-07-12,12.818461638571057,10.106660420419264,4.047454197503228,7.58508247565735,8.561362046240081,Haryana
2024-07-13,3.224706704511866,19.54636912822337,0.0,6.077327619546629,9.097932857007125,Karnataka
2024-07-14,7.468972585351506,19.69674823091822,205.10370860352,7.628592086659426,8.703007577586023,Telangana
2024-07-15,12.522368160234564,17.379571222389785,164.4560375197878,6.706839741331587,9.336238680358287,Goa
2024-07-16,11.65041080059849,27.3418722246525,12.893526082564179,6.89263212422311,7.995747579280556,Telangana
2024-07-17,42.08704032399416,18.3792110445736,11.379645887752176,6.857570061812542,8.005452821178167,Chhattisgarh
2024-07-18,9.030013942443457,13.47420627500258,204.72857422326175,6.812335981471349,9.098725074011195,Karnataka
2024-07-19,9.1899871266111,28.581141387606912,194.09335125139174,7.6134936387352745,8.261253795699938,Uttarakhand
2024-07-20,2.2019430508354585,12.27727702092995,94.35732018288103,7.704762788385653,8.161058248920504,Chhattisgarh
2024-07-21,9.32152769401786,5.387419387318463,109.49637163478475,7.645095285106336,7.98976659679154,Nagaland
2024-07-22,28.505549883979285,6.615421001298168,79.01223718588169,6.676156072088048,9.399004165109025,Punjab
2024-07-23,2.8665169862707724,4.988824942054139,0.0,7.90358178803439,9.193067445433911,Kerala
2024-07-24,3.5153462881958495,7.588061396136087,165.60659715274267,5.969105092748484,8.520946101629555,Rajasthan
2024-07-25,32.79910357799201,14.038408175379695,131.29337404198847,7.400180481850955,7.762227470605629,Uttar Pradesh
2024-07-26,-2.0743238415575584,15.428544664484072,61.514599156919374,7.487939018191218,8.426027155272525,Punjab
2024-07-27,15.784910864070593,12.41050201730503,71.43362019084483,7.9739894251309575,8.911518667313132,Arunachal Pradesh
2024-07-28,3.7114996523840125,7.569016584461026,178.7213875701168,6.8346275978531885,8.472350038505269,Meghalaya
2024-07-29,-6.227084556189898,19.266845076768675,231.07139606146643,7.274602030996329,8.465703807805484,Tamil Nadu
2024-07-30,3.972317539680402,7.172079994963195,81.61321854226708,7.698775455600385,8.056253413562837,Himachal Pradesh
2024-07-31,7.206643510409962,21.999836416600306,106.12965563289825,7.26321021197362,8.419460027453892,Arunachal Pradesh
2024-08-01,-9.322105478153492,12.985402941483601,83.89807935031547,6.856066261308252,8.541508164485894,Maharashtra
2024-08-02,20.38343120211792,16.70904418102315,253.13298483406578,7.304223643657138,8.604695137119295,Uttarakhand
2024-08-03,4.353590227740722,6.924042247655036,0.0,8.187033041251965,7.9650984046122035,Uttarakhand
2024-08-04,-0.39676567938570795,20.990444686261107,86.59548323238178,6.9891854324315625,8.985842300300728,Tripura
2024-08-05,11.667025068027595,23.93556713695179,0.0,7.4557237751638334,8.279553130309631,Chhattisgarh
2024-08-06,7.2320859392556045,12.950965386572163,0.0,7.035281545903647,8.33381596919682,Assam
2024-08-07,9.295362084428051,7.967596740940881,229.74371228074438,6.350752927772301,8.915515983629348,Karnataka
2024-08-08,0.7657242121040762,20.425415012323842,173.52531061478408,7.2760808578353275,8.991482197138179,Gujarat
2024-08-09,16.25432530453813,13.865103757625555,5.672875259604922,7.414541439320208,8.352603013031212,Assam
2024-08-10,-9.496909855102174,15.270604916390834,109.33703740933271,7.180380995363909,8.098334997205281,Andhra Pradesh
2024-08-11,9.694524698561288,11.12994634027049,50.19913261203322,7.607997822794499,7.940218068641279,Tamil Nadu
2024-08-12,4.579829302988106,15.189225879558402,169.7768600696624,7.731441932270652,9.129643157915863,Odisha
2024-08-13,-6.749860490461471,15.997630932201295,83.39344779404053,5.649364914489184,7.916554517813448,Punjab
2024-08-14,-1.1383599472575634,7.736724169981696,101.47251115254292,6.475989980425981,9.569468279884203,Andhra Pradesh
2024-08-15,19.191657142505036,13.92021792251781,124.33940444193992,8.144033095988343,8.051842088545355,Himachal Pradesh
2024-08-16,11.518582728356542,21.126702333139395,1.482429849157569,7.7286178369112175,8.366165610733393,Uttarakhand
2024-08-17,10.760707735930524,25.534315594659056,82.83160131656624,6.1980271286657596,8.217340385824565,Tripura
2024-08-18,-19.748732490441725,10.463455027538139,4.2760222272104045,7.017050696999798,8.582035727572933,Arunachal Pradesh
2024-08-19,4.132854204482614,8.817327458965398,117.02637788890543,6.908262619882474,8.268703745570697,Nagaland
2024-08-20,-7.142519136507013,18.224557636625235,89.91099397966148,7.845900354690983,7.816275015858802,Gujarat
2024-08-21,14.720984782000542,5.369378358013936,72.27097036082137,7.427046507379522,8.684595434175508,Goa
2024-08-22,-17.975214918565015,7.078917883376756,203.8675563769525,8.366983206216734,8.898316580377854,Tripura
2024-08-23,10.792801403122724,29.680010253023145,24.281402668710413,7.736217274163357,8.874009752346835,West Bengal
2024-08-24,2.2070138771662178,14.082411328021406,191.1907287448778,7.067309169514172,8.732007592164273,West Bengal
2024-08-25,12.837960919472266,2.1432000119565586,159.04941755595266,7.464346579376507,9.395867058805042,West Bengal
2024-08-26,10.278210097458132,7.647555680254728,0.1462555468294653,7.464502601430668,9.295169863061574,Haryana
2024-08-27,-9.324518803491728,4.823065928981279,114.88631164215882,7.133018662720046,8.16117636034205,Uttar Pradesh
2024-08-28,4.319067686072671,7.432279588859793,198.06110669792596,7.5128459150650615,8.445512248306509,Goa
2024-08-29,4.316760789692257,24.583610696748632,113.43301960628895,7.812014318594462,8.454605977329777,West Bengal
2024-08-30,11.322751826774065,11.056731653577142,135.59974771984122,7.043323305222539,8.380564719184502,Manipur
2024-08-31,12.308625867975067,15.375668936913234,0.0,7.275774148585707,8.64503588947842,Nagaland
2024-09-01,21.605609734389436,7.7329239440562505,69.44733100064911,6.332289785673184,7.253309029020471,Manipur
2024-09-02,20.301523377583834,15.560759257832185,34.84556215287307,6.42215986746711,8.175114957034571,Odisha
2024-09-03,6.064599560104499,20.42828499217066,46.043997165217284,7.287769528774479,8.799400306143607,Karnataka
2024-09-04,16.830030416224485,23.292723613679748,82.42633407220609,6.753891180035342,8.241517805995933,Tripura
2024-09-05,5.727759173777276,14.47954719453658,66.92531289840841,7.318675033344122,8.941288900299597,Uttarakhand
2024-09-06,-7.278941229483645,18.411798442705763,53.065551460362165,7.158288173396614,8.247859524365031,Andhra Pradesh
2024-09-07,1.9866097110429086,17.075604001353366,238.47311540622252,8.763717802176027,8.792069424480077,Uttar Pradesh
2024-09-08,23.340549125233338,12.160828585059024,89.85648087424079,7.004459459156827,8.818493738452654,Punjab
2024-09-09,25.40708746486595,14.641101714313985,57.97172329700688,7.619428175192098,9.01723234083168,Assam
2024-09-10,37.75521340060792,21.169124011434267,0.0,7.414061526599603,8.612510231881771,Himachal Pradesh
2024-09-11,-6.89219152399257,7.1988177675860285,0.0,6.752831561004578,9.206024342017349,Tripura
2024-09-12,13.017080501852185,15.1788141270362,134.21822219953137,6.655971977620733,7.981910806672117,Chhattisgarh
2024-09-13,-0.3430250240130084,7.488320946084222,119.33815673244311,8.35832403176986,9.17025547260206,Sikkim
2024-09-14,-3.4279087075283377,4.457914239444882,181.86957036254776,6.185547900628884,8.602908931107345,Rajasthan
2024-09-15,15.148150188476182,5.941448977817112,142.84930659406984,7.799776325382611,9.470719549968548,Karnataka
2024-09-16,14.18021849752004,9.070909865707264,26.49830893287117,6.662844083180352,8.595013682549249,Odisha
2024-09-17,4.7205257621837635,10.123855666835865,239.04312384331638,7.54856141745466,8.267228816090263,Assam
2024-09-18,-12.774192311714103,22.04491103577997,106.8573415908345,6.348672989430122,9.03937942400798,Punjab
2024-09-19,-9.701822638786346,10.563940310849285,37.274358197769274,6.4535368521426575,9.109529964446052,Assam
2024-09-20,12.442913173834324,14.76204608668088,63.32835498220818,8.177171899713743,8.35690958470726,Tamil Nadu
2024-09-21,3.543019477091696,14.115166178871924,126.55757298708434,7.469765670652334,8.923371230470279,Bihar
2024-09-22,1.4791564295709927,17.08146841240788,154.4972382951539,7.055913208482192,8.281270259811713,Manipur
2024-09-23,-3.465734168285505,26.615730941658903,156.95302552508232,7.141178742790419,8.380856689294518,Telangana
2024-09-24,-0.2736577927235908,3.2163666698676234,19.893570212055792,6.775417501630585,8.589093729214067,Odisha
2024-09-25,5.829102798963677,10.808224791805422,77.83590412624284,7.709859915374065,8.423652586701198,West Bengal
2024-09-26,27.116163919360584,18.191445535973443,72.95380035802046,8.023315352133306,8.604215453149516,Tamil Nadu
2024-09-27,26.973644208347327,6.875643305384111,160.35842393001545,7.183287085571157,8.560675486748828,Kerala
2024-09-28,12.327946033490967,14.741976776983837,88.27324316539548,7.569429950701766,8.768766714549216,Jharkhand
2024-09-29,5.422877854681228,8.209822482548526,145.72876184879598,7.19228350099517,8.488515878023613,Maharashtra
2024-09-30,15.603259205953306,16.570974624881686,40.21903249987194,6.68789161448423,8.386589784011276,Maharashtra
2024-10-01,12.433353457016942,-0.6807961180806625,0.0,8.357916799719588,9.844942870761221,Nagaland
2024-10-02,-10.788594464308407,3.5242479556847695,107.35952232448373,6.359384248334734,8.610568058402627,Tripura
2024-10-03,9.406491894657877,7.6680318468609725,0.0,7.969650854832499,9.743549234140616,Himachal Pradesh
2024-10-04,10.473364837035316,12.761871132223208,220.28180986708554,7.264642137965489,8.633439567123663,Haryana
2024-10-05,7.293628197444639,2.047235478380742,50.43011937073293,8.529124301659499,8.848560783974623,Manipur
2024-10-06,1.7254074561506902,12.348745419209148,0.0,8.170707655756626,8.234973827958214,Andhra Pradesh
2024-10-07,10.115347327383457,30.96753394766135,109.41510745608296,6.582068284114637,8.749090606129476,Meghalaya
2024-10-08,-1.2892279479076612,9.211799584297337,230.93749488249244,7.612180143086916,8.707938420694445,Bihar
2024-10-09,5.824336897006274,10.65412483559685,117.94805333945688,7.044697064561419,8.1428345198675,Punjab
2024-10-10,25.31433794552104,31.396870048082317,222.0779986746545,7.0070528672589925,9.079399745484785,West Bengal
2024-10-11,18.37812489942519,27.21381375350717,157.7460449074544,6.539245276263249,7.926850786577983,Rajasthan
2024-10-12,7.806640935183541,12.499912749158257,235.39735092133446,6.820439199280959,9.733892168306598,Haryana
2024-10-13,13.52265830357889,11.979696302176524,0.0,6.507677823017829,9.092128777381825,Odisha
2024-10-14,13.492856807257736,7.262367517028274,143.9340110874331,7.3833366462889884,8.623547877568578,Nagaland
2024-10-15,2.5504031508190206,16.676497436471344,0.0,7.230349325381366,9.113568225074967,Uttar Pradesh
2024-10-16,7.828875954887684,8.177603449232276,69.95616502398391,7.147100324891221,8.781565819765273,West Bengal
2024-10-17,9.171018735853972,5.458752489856758,110.4927761538671,7.60204648656594,9.013124173886046,Maharashtra
2024-10-18,3.499894638152017,21.949441168713193,0.0,7.5593857672960905,8.508424093446783,West Bengal
2024-10-19,18.090376919764832,14.814074236993532,50.23788142652228,7.137657465553238,8.515364403917308,Odisha
2024-10-20,-7.6484462317012225,17.42012753669939,46.409167482491306,7.260685208790496,8.71759188978393,Rajasthan
2024-10-21,-2.641175078174256,1.6718280507096441,11.835964250485318,6.189707712387611,8.63947122114528,Kerala
2024-10-22,0.1591427262566425,7.671738844311272,144.48189429359758,7.074393276654265,8.347438279936924,Manipur
2024-10-23,-11.402778865283324,22.84955989864111,93.74373220035889,7.702926406286419,8.775414765462253,Himachal Pradesh
2024-10-24,19.795903758301392,1.462001530336293,146.2043695107364,7.960492994472882,9.647998531193092,Manipur
2024-10-25,7.293121467423216,6.026255881263643,60.59746311643232,8.073035078746193,8.754595946240999,Rajasthan
2024-10-26,-12.931171289326333,25.119936316724,133.7291888333474,6.418314145996034,9.459956998204065,Goa
2024-10-27,21.341856448252265,18.85353103579245,0.0,7.777113610733754,9.115061382541942,Nagaland
2024-10-28,5.568967171750131,17.98335715961613,52.44868983994629,7.841311746456938,7.826004442092487,Sikkim
2024-10-29,3.868165183935315,7.644199557253622,157.0620942782816,6.651819762514338,8.432456404142888,Tamil Nadu
2024-10-30,16.69371354712744,-1.5353732978992554,0.8350961405502346,7.034229166295031,8.33691444472567,Tripura
2024-10-31,0.915174305052278,22.727484572595902,56.49186232119576,7.370124339742378,8.848880391428024,Karnataka
2024-11-01,20.271564397359807,4.129737394661985,122.0999109977351,7.139346646503089,8.176619550250761,Punjab
2024-11-02,2.1166211007908364,14.31372604243922,139.11864319066459,8.305026917637672,9.529915137411928,Meghalaya
2024-11-03,1.0488423099284692,12.992038365862017,60.09191824628781,7.47555215911424,9.124540569164266,Andhra Pradesh
2024-11-04,-9.461832728704774,10.377927333321256,85.36985095400772,7.700743263269174,8.740928379707594,Uttarakhand
2024-11-05,17.004297109924465,13.754634903002914,60.45602876603524,7.303753253661775,8.237765305334237,Meghalaya
2024-11-06,13.075048769342615,1.1395381046080217,77.496040279353,7.208201795307441,8.373275706209345,Karnataka
2024-11-07,7.452566208377142,11.26494174729013,205.0522109967371,7.170917131007438,10.130969630060774,West Bengal
2024-11-08,3.352875883552656,19.301711619033043,153.9655264503457,6.7953177982431585,8.913675173127613,West Bengal
2024-11-09,4.5823543487385665,3.82374154121673,171.93242816590137,7.385368556879365,8.53110791147281,Manipur
2024-11-10,2.252371789599102,13.724618907140655,0.0,5.556142684905921,8.139045122411478,Jharkhand
2024-11-11,10.301716869558557,-5.95037560385348,258.33795047233906,7.499108637507242,8.918011113321953,Mizoram
2024-11-12,24.973436155361643,1.522602210094817,0.0,6.968976824500131,9.326517361078293,Haryana
2024-11-13,14.43773558810778,18.053782504207124,181.5390293616478,7.134865944997567,9.08069574622968,Haryana
2024-11-14,17.777740830562596,13.163184294514625,14.198955599656955,6.275305546062689,9.757120649306485,Manipur
2024-11-15,-8.345046858475119,17.777729629276305,154.32967726002954,6.892727631603093,9.040713732274495,Madhya Pradesh
2024-11-16,21.555853046451272,7.9863625280132,235.20963255525862,6.645783596204194,8.416912012054631,Punjab
2024-11-17,-1.5441299644762045,13.021060207834335,0.0,7.005693276607051,9.33955824970453,Sikkim
2024-11-18,3.346781114993459,16.117715690518004,179.28974263645978,6.374486265627135,9.052931089447176,Sikkim
2024-11-19,17.3630908101332,25.5773795538042,104.01348700785249,6.5111194079504715,7.6315129000403825,Manipur
2024-11-20,7.8822702585701325,2.96007663578256,21.893653267379136,8.391603722651613,8.902676288561883,Jharkhand
2024-11-21,6.19411658387007,17.45359686943492,110.50605074076188,6.265453706890673,8.675971826735692,Andhra Pradesh
2024-11-22,29.05871380796567,15.52644715743142,113.55065948329,7.063611660739495,8.856869112350356,Arunachal Pradesh
2024-11-23,27.13685791159362,-2.5946979618576194,100.67263359372575,6.821413150528445,9.299495791828733,Rajasthan
2024-11-24,20.454262757040343,11.20378313703065,59.34394095622825,7.967448184750964,8.444249631666706,Manipur
2024-11-25,-11.711678372576909,13.718170955864094,112.9703386783545,6.110851323469786,7.54233665250727,Assam
2024-11-26,2.4143445055832276,15.847895214979554,20.851501245560186,7.357842012593751,8.540247274576167,Tamil Nadu
2024-11-27,11.828784857660002,9.752086590047309,93.31014636612719,7.305200725382251,9.382026765998656,Gujarat
2024-11-28,0.15765847783553788,11.171227153479258,0.0,7.214091824367577,9.164359834442841,Uttarakhand
2024-11-29,-20.68207660884078,11.418748605055349,40.71979829854244,7.3027356286109,9.051514195356944,West Bengal
2024-11-30,20.465005441181354,14.192721850973602,126.79736448061507,6.010199917261064,9.020903004330087,Telangana
2024-12-01,12.878677367452628,15.918989674348342,191.1001592925245,7.668937962499396,9.872665413781293,Gujarat
2024-12-02,12.35480164805196,13.661535909639584,0.0,7.559118592142283,8.98906261873108,Assam
2024-12-03,13.579948551633272,11.815501496520792,244.5044638583476,7.34263113913806,8.955919611518153,Sikkim
2024-12-04,17.132871720767564,16.44281511226761,153.65659839778303,6.330141374819126,8.563640488161198,Manipur
2024-12-05,19.201717758705147,7.503442033979897,145.19661981963858,7.073875629299933,8.556763788972304,Haryana
2024-12-06,3.679582733736591,16.131186961842094,62.25337982482937,7.658018333319334,8.09640672949099,Kerala
2024-12-07,0.7556974265663996,4.646080789318855,103.62711999690903,7.658641181600379,8.042779811329085,Tamil Nadu
2024-12-08,-17.491938260152835,10.386732598633461,207.20809258415392,6.483771117289956,9.30407579259909,Gujarat
2024-12-09,27.886260641828578,9.929990093896881,0.0,7.978008287490441,8.447005492848826,Bihar
2024-12-10,18.682202816992707,23.69691696058097,122.48511621434525,7.40854621621425,8.152023728031738,Gujarat
2024-12-11,-8.365203641167348,10.78546211707191,65.9925755607477,6.855213151074998,8.624509434988935,Mizoram
2024-12-12,-8.198786801003223,29.191534006137324,37.39721553078418,7.657796204693752,8.842566523779954,Arunachal Pradesh
2024-12-13,4.965246911228313,-1.5840142517401237,144.89934480050988,7.410078278226068,9.988740096605023,Bihar
2024-12-14,20.893296202288482,24.719135959652668,0.0,7.696017217925289,9.757574301747855,Andhra Pradesh
2024-12-15,22.79577693686583,13.4922916362167,57.79703718681392,7.871020359944322,8.69636728544928,Himachal Pradesh
2024-12-16,29.263087411527888,14.3855115481385,207.86682114283735,7.045671618295189,7.890390087644551,Goa
2024-12-17,-7.753689610948629,26.468802927194577,36.638555526501534,6.447156860720822,9.028802971320337,Uttar Pradesh
2024-12-18,-13.172771120580862,9.688332980066265,85.74807156715167,4.857217846140785,8.588920380375253,Himachal Pradesh
2024-12-19,-2.7851691824460163,25.2899451568519,0.0,7.408570968105975,9.09152865077028,Tamil Nadu
2024-12-20,29.183823339791175,20.299895089708635,120.03270520219463,7.205845096825967,8.264834616326468,Haryana
2024-12-21,-2.23179865655177,15.77773257323391,155.44424972821002,6.0132564283189645,8.41058171809689,West Bengal
2024-12-22,12.652656687021238,2.6851625276461117,149.70854400346172,6.9572891468373825,9.234322796633794,Meghalaya
2024-12-23,21.503859328901026,7.026785981055675,87.56263111480507,7.454260292869278,7.96615968992692,Bihar
2024-12-24,2.9670710779914344,10.485028717227115,0.0,7.381012759295767,8.721747090880534,Madhya Pradesh
2024-12-25,-7.350357916849565,33.43172063535619,86.69234191836208,6.968565023293602,8.775673172600019,Haryana
2024-12-26,34.68977866512763,17.782071343832346,34.70971295451763,6.97752940419509,9.17621723188292,Kerala
2024-12-27,0.35018409798637506,21.872832613206974,49.6294702593352,7.284524963770039,9.625620966696886,Uttar Pradesh
2024-12-28,-19.302190975035245,-8.075234084753578,139.2296045103518,6.689807112008743,9.008304208801476,Meghalaya
2024-12-29,0.8689210332262691,6.082578253871187,83.31292533226767,7.64412907703225,8.64005640167441,Karnataka
2024-12-30,7.45279113945436,0.7113638744446558,76.62836356548418,8.193325013737411,8.784290753799512,Andhra Pradesh
2024-12-31,18.007690091086868,14.685660906859813,118.95420390664792,7.733693957669151,8.736131787114664,Andhra Pradesh
2025-01-01,12.206009137281075,22.624370710711037,205.93473883592264,7.218187060305232,9.006830002532944,Kerala
2025-01-02,-4.231597187091169,8.34340589215621,243.60312415015244,7.808046097241396,8.78095936391249,Assam
2025-01-03,-22.64814776890119,10.278819448546605,161.61546281310433,7.06152403675004,7.754058260053022,Telangana
2025-01-04,28.603201048376036,14.377690177062556,286.62248901997134,6.979831122686254,9.364640571251071,West Bengal
2025-01-05,11.0162359582979,8.250469877820994,20.36857484655502,7.513893352185669,9.407509264610535,Bihar
2025-01-06,14.627942369185046,5.2180276901253375,53.19247174419264,7.926801133595721,9.243107099317506,Tamil Nadu
2025-01-07,-18.74184492448989,28.101207114230295,193.71906450466685,7.303963769821457,8.941630506251856,Mizoram
2025-01-08,1.6185014322057825,14.418948622468548,124.99332590395747,6.70565884149133,8.190554454342408,Rajasthan
2025-01-09,2.420862182745495,9.19058323958636,0.0,8.412528964444471,8.535517472311547,West Bengal
2025-01-10,15.598730538335811,1.3318043520231555,168.86113942387374,7.218352151414689,8.06302321251651,Manipur
2025-01-11,-16.59777911460048,11.701388991534643,38.20085278606989,7.595173556473517,8.912829927825111,Tripura
2025-01-12,-1.0586518659710444,12.697808966701743,104.78818979540796,7.025355378920442,8.80893010847426,Goa
2025-01-13,-12.297015678897314,26.306554328522207,188.13428794657602,7.856794986117512,8.72171240586048,Gujarat
2025-01-14,5.494862306031501,5.148437481831886,200.13166918959323,7.7551104177454,8.86998353846444,Arunachal Pradesh
2025-01-15,1.6006268692058834,16.062487277636887,272.33568012086164,6.732266515439848,8.596028526325632,Gujarat
2025-01-16,18.103215051330732,3.234030820718788,32.65135415019468,8.13427238282495,8.907563337595676,Manipur
2025-01-17,-1.6622084398519315,21.096083178808307,222.3679573110587,7.899539576531106,9.843366892801477,Assam
2025-01-18,5.368804271444737,0.9596820673236781,101.64637737071058,6.408241924743,8.135082358907233,Uttarakhand
2025-01-19,7.669658806000302,24.855964816665917,0.0,6.647368272900067,8.96618901927161,Haryana
2025-01-20,-24.481832773192693,15.663756028604476,163.34450733864978,8.053977404913072,8.772457305557978,Punjab
2025-01-21,0.9882827275103203,15.794569410941428,54.89578145190083,7.336997173487898,8.849205816530946,Kerala
2025-01-22,11.754475787925838,35.548554301595345,125.14809450807817,6.2924575672511445,8.179902076661666,Rajasthan
2025-01-23,-0.6633125225542935,1.9265308687294471,159.2757848865602,7.242472286281588,8.806185899518542,Chhattisgarh
2025-01-24,17.99671057974392,12.710632188819167,161.45201023575726,7.944229620803937,8.084921625031571,Haryana
2025-01-25,26.076342443807118,10.201432755456175,114.69842929260334,7.37403791297687,9.530608323356098,Himachal Pradesh
2025-01-26,10.30208675068104,23.328782976569144,0.0,7.787992198576131,9.116656365323601,Arunachal Pradesh
2025-01-27,21.785651125816006,17.263786684412423,0.0,7.014839007225172,8.89811682126412,Assam
2025-01-28,-3.6823601663467693,11.012319658204724,80.77052585279932,7.025131551941367,9.052785529326886,Uttarakhand
2025-01-29,1.7158600811385725,7.822683107936589,147.2559207707488,6.750726306062756,8.66233268717797,Assam
2025-01-30,17.396284779872794,14.683776289996938,38.158513055163894,7.603953355267433,8.3894320378874,Tripura
2025-01-31,0.897064481102718,14.743516443350469,0.0,7.252066568780027,9.637877274710007,Sikkim
2025-02-01,11.174009841799936,18.489480896230376,0.0,7.9157575763280175,8.299679005171972,Goa
2025-02-02,6.687303965113677,8.08563479759965,161.87578200331964,6.388612684551694,8.002997189678299,Mizoram
2025-02-03,6.769413250314381,13.815452431165165,121.43200596211278,8.165986956392667,8.718063864608775,Tamil Nadu
2025-02-04,-4.500693420279464,15.302703926514754,28.197432322410506,6.40613557435934,9.289579880982593,Goa
2025-02-05,2.688052884869478,22.60903612866448,118.82472930693355,7.651819846818304,8.495073667986166,Rajasthan
2025-02-06,6.413104145814578,22.13296298519765,274.7483310051303,7.962736605872308,7.596331346727706,Himachal Pradesh
2025-02-07,5.351060483684097,24.38079805374379,230.66210887702655,6.63745890500423,8.725004585961566,Haryana
2025-02-08,-8.003491522213217,24.758306092120012,139.30821997183364,6.941383838154228,10.136928313049905,Uttar Pradesh
2025-02-09,-3.213746952112376,20.228700241124123,46.58475115048845,8.056627605330053,9.546422245917547,Kerala
2025-02-10,-1.3836488560411206,9.396281499982708,119.67702281123132,7.977407808001157,8.756320391534908,Mizoram
2025-02-11,19.765333416907268,16.17870904964689,37.59861120751414,7.83300178926042,7.7301754678948456,Nagaland
2025-02-12,43.15456535356919,26.48023603858017,56.16025794990155,5.046692452098662,8.957472884989901,Kerala
2025-02-13,14.173040273070065,36.65479242668238,0.0,6.928721196607256,8.577480199739574,Uttar Pradesh
2025-02-14,6.263421132149166,1.413252495639938,0.0,8.474183330135244,9.05529800194275,Telangana
2025-02-15,4.41233459166973,16.015610147049866,87.32655007840364,7.22821503592209,9.5751364175419,Karnataka
2025-02-16,-12.03335872509792,14.184063884355025,260.3075293491988,7.3989318899596475,9.06024624972183,West Bengal
2025-02-17,10.97925406367957,3.9747280570551737,0.0,7.007068332342417,9.586815596698438,Tamil Nadu
2025-02-18,5.705387971586859,10.615741127976325,118.17341632261174,6.613015279316162,8.789265225463444,Karnataka
2025-02-19,15.092988936391825,14.438026730610414,201.46272733913838,8.620092278868821,9.021406526531617,Tripura
2025-02-20,4.971431303944325,3.5092950918982453,0.0,8.516987257983816,9.649086735918083,Tamil Nadu
2025-02-21,2.105336095819794,10.195161019734371,272.5112481438113,7.835169309203477,8.363011229979568,Himachal Pradesh
2025-02-22,19.75535135098415,3.8523316901024938,20.566787167269723,8.1325857265074,8.41603271135322,Arunachal Pradesh
2025-02-23,2.297975047495785,10.823459052524607,299.3302304948608,6.565591486747738,8.236449048309455,Manipur
2025-02-24,27.55292468628703,-0.4128768446867994,69.37425401307351,6.630805312478792,8.812126676623167,Tamil Nadu
2025-02-25,2.9750946491728794,13.397024565515787,203.03846455458842,7.303964830319727,8.379348753886747,Jharkhand
2025-02-26,8.693973025317051,7.122216559781644,213.71568211529615,6.660478129851164,8.29337693502309,Jharkhand
2025-02-27,-2.5528754590606786,-4.276509167784216,152.9098440553226,7.6628613068830385,9.16711697509352,Andhra Pradesh
2025-02-28,6.437378798411029,20.829961518074363,0.0,7.200774454795646,9.822999866294087,Odisha
2025-03-01,21.495207785084478,-4.094072009136578,47.63052362177178,7.061615613664337,8.146580524338129,Rajasthan
2025-03-02,23.930863417937964,11.721251145989259,51.27938321307755,6.432505385775407,8.522637000555807,Assam
2025-03-03,10.406226864681376,7.963193572172669,119.14373261527685,6.445606046845561,9.27881152505464,Tamil Nadu
2025-03-04,4.919370390988762,7.889483500835661,107.12860020520102,7.176263341439938,9.292179892171282,Nagaland
2025-03-05,1.2931581049040854,8.315321560171933,79.97287521678719,7.44391562111017,9.401963838371998,Meghalaya
2025-03-06,11.471921665710738,20.429547666318356,143.00387414279817,7.32082539379656,9.02444789575337,Gujarat
2025-03-07,14.777580555939153,6.917711901371125,51.07440734589381,7.793095291299827,8.420539145384511,Uttarakhand
2025-03-08,0.6019703581606315,7.119514805766729,160.30050018707217,7.172345989781408,9.438574580677514,Goa
2025-03-09,17.355829452888216,29.470004199120737,62.41257494775419,6.6069888603888725,9.399124096328368,West Bengal
2025-03-10,8.742769858322893,8.561937329436116,24.641550507403068,7.116804460477054,8.404074344913049,Maharashtra
2025-03-11,16.225300740511173,9.16884110480031,163.41383651859366,7.4507921995277755,9.140935423536162,Chhattisgarh
2025-03-12,30.466586821101686,22.600423376968273,0.0,9.293032509739847,8.779979072859604,Tamil Nadu
2025-03-13,0.6288693308404047,5.860012994309523,42.6531504152956,6.8832537588050675,8.1240394772688,Jharkhand
2025-03-14,-12.911300789784484,19.050421095008872,3.820242855513797,6.780232027567322,8.62720145468735,Haryana
2025-03-15,8.074825970725817,20.37985945499856,0.0,7.339981321304057,8.409882253864264,Gujarat
2025-03-16,-4.662393564598909,13.079448849660318,134.03623789838025,6.81146983493312,8.90607040676254,Manipur
2025-03-17,21.633746839701985,20.024407793169974,143.4886064731404,8.00188667971267,8.547471801152028,Chhattisgarh
2025-03-18,19.40208200417222,-5.234232694429874,176.07032147148442,7.075122163392158,8.555517609124898,Manipur
2025-03-19,9.625817816425178,4.903901287271161,137.79532663398084,8.510691295082285,8.182946263901863,Nagaland
2025-03-20,13.804843195797282,26.177573965491916,107.43860475596063,7.412761698784123,8.985100862696482,Bihar
2025-03-21,17.68342901698136,9.348075973353684,0.0,7.2325043623880205,8.702770355788688,Rajasthan
2025-03-22,0.22111165774167407,18.111180859250553,51.01533770911266,7.035200753347223,8.9805107197093,Jharkhand
2025-03-23,2.136026682269118,14.415923825656373,35.52071391768732,7.212848323796889,8.619083082533736,Haryana
2025-03-24,15.427864853276386,34.52417931752472,0.0,7.531371347670023,9.288803163629652,Telangana
2025-03-25,13.272919366853518,8.768699180348296,145.6487803617884,7.239527847642957,9.53534462138802,Madhya Pradesh
2025-03-26,10.04942195381997,8.398677070048407,64.78982004546698,7.957521502182068,8.160957138986207,Kerala
2025-03-27,8.270896573530147,14.4597842020594,195.61557747480077,7.676073485596918,9.05402130987604,Meghalaya
2025-03-28,16.66362252657544,-2.4653603325306754,0.0,7.30013005887986,8.964521702364886,Punjab
2025-03-29,-6.538734934511443,6.902331831691777,154.0298178386143,7.497540185210237,8.784000619957654,West Bengal
2025-03-30,8.12770566538188,18.439133292592288,7.613926835167149,6.2740497655070335,9.043619558763265,Odisha
2025-03-31,20.31858442378906,15.411293540932135,109.94064533248769,7.93784946805302,8.055460741501816,Gujarat
2025-04-01,2.1547217404110155,16.710019351067817,187.3135049574913,6.2434655251874345,9.078720689730964,Arunachal Pradesh
2025-04-02,-6.259656087088527,31.29929386901637,136.43150259981525,7.103402400142478,8.763751157499485,West Bengal
2025-04-03,2.892481345827046,18.480032164920697,218.4319576839884,7.914318536714913,8.673360181065554,West Bengal
2025-04-04,8.349594209694105,19.783586064376607,41.39132098354398,6.351787940729527,9.120816122724966,Uttarakhand
2025-04-05,13.274265732151797,34.0328908464382,77.66971895372858,6.4549436481174824,8.981202125959276,Chhattisgarh
2025-04-06,-3.6688945402294477,3.026260975570187,121.26038849920795,7.592908796955929,8.696636846093513,Rajasthan
2025-04-07,-18.042328870997878,13.307393274800178,37.20627996908786,7.632819335850437,10.105808758032817,Goa
2025-04-08,33.77881784979329,22.414543331781903,25.59880991548671,6.415741196762925,8.90638379475136,Nagaland
2025-04-09,13.412531528942122,32.013051561662905,85.07832069770546,7.382285403660871,8.516013451097624,Mizoram
2025-04-10,-4.703319729744524,17.996037661255055,152.86241922284776,7.535878787030723,7.777923448458878,Punjab
2025-04-11,9.542524558564196,0.0973462740263038,69.90593659768888,7.744302172440063,8.214863960744509,Manipur
2025-04-12,16.483415806378275,22.565877867781115,62.44204703796691,6.564583109995028,8.323321678236569,Chhattisgarh
2025-04-13,0.789661448536167,5.934905500232953,157.57287589963425,7.3946483288386915,8.526668774458741,Himachal Pradesh
2025-04-14,10.942986905449196,25.83910737299948,144.21155237968597,7.411830720576164,8.344684828992728,Goa
2025-04-15,-1.586919100127468,6.255020659152824,83.31067887768306,7.478326467436002,9.021049162823484,West Bengal
2025-04-16,28.975456238911615,8.886599959682844,185.62783630975454,5.996526306351072,9.433412923444454,Tripura
2025-04-17,22.19964727896552,5.985338377115327,253.42608959020407,7.469984060443339,8.959027270175264,Odisha
2025-04-18,18.951302389684393,9.39236827010643,95.61049790202699,6.937691800127179,8.659048212542608,Gujarat
2025-04-19,20.351290578806033,23.426442862083412,128.53705957891177,8.314323899304604,8.998712291474732,Bihar
2025-04-20,7.91427219715656,2.768922189039488,74.24364652479044,6.623583851825819,9.008608540467254,Tamil Nadu
2025-04-21,-8.67979948481863,14.273776335261012,0.0,7.282173608521618,8.139445374412853,Jharkhand
2025-04-22,24.374404674822372,16.52577272535302,179.744281385046,7.357006525916906,9.852881846554808,Nagaland
2025-04-23,30.025059575486704,0.9133554693572403,28.56053798213196,7.747773976396385,8.673074422459372,Madhya Pradesh
2025-04-24,18.737580048155273,18.59950567347535,101.08807138833757,7.646470585781148,8.92014775269352,Telangana
2025-04-25,4.046560658727453,15.259817386994753,160.13003120908053,5.884029734704905,8.71246878294168,Tripura
2025-04-26,0.4888985221326667,24.702618334882864,28.547413753554963,6.830964609063791,8.848896571980909,Mizoram
2025-04-27,-1.7921864251141928,-0.47339898256754154,89.01056318172402,7.298241926638311,8.82328810570701,Arunachal Pradesh
2025-04-28,14.094504486890337,16.83767316668604,3.685665331742058,6.236095010543034,8.568496200949488,Assam
2025-04-29,30.0762534006381,16.873075389120686,116.64027611323884,7.8512688351096465,8.420207153425137,Manipur
2025-04-30,-9.353180929892286,13.752151447032768,184.79916870152377,8.919443608988809,8.445853739237336,Assam
2025-05-01,36.51797600437075,16.41907651630478,158.06443677815759,8.382306101660436,9.232861363960135,Karnataka
2025-05-02,15.219171250862942,11.992609610345784,189.7095546129909,7.188709169754554,9.397142732267337,Uttar Pradesh
2025-05-03,11.720137642339344,7.74331986375082,176.83237598259683,7.796044014343104,9.752814107944632,Manipur
2025-05-04,15.416873072079216,12.575095382545742,90.66835203303177,7.960241930315094,8.768322090428457,West Bengal
2025-05-05,26.383562339867893,14.810715414543019,65.07189333788014,7.5648610360385256,8.208759716150109,Uttar Pradesh
2025-05-06,12.50565033580452,14.388978141195947,95.77718928449578,6.838125538326274,8.468129005462739,Meghalaya
2025-05-07,-0.005317893307391408,24.312984105037266,121.76549760839312,7.81945032280064,8.420060971029674,Chhattisgarh
2025-05-08,11.731257728537607,17.628692124140926,184.547439007111,7.677579324766013,9.160805748437786,Uttar Pradesh
2025-05-09,17.138893315203536,11.627721845688523,48.14957963921354,6.857763724239651,8.832177987843565,Rajasthan
2025-05-10,1.358680119976042,16.067967047153587,0.0,7.34281058994172,9.162151367816392,Uttar Pradesh
2025-05-11,13.263139018392458,15.655505831697985,63.46147347925722,7.840980010290308,8.936331391370695,Punjab
2025-05-12,21.950367862886356,15.140773748434842,123.64487881830948,7.370278538854945,8.537972869745841,West Bengal
2025-05-13,8.049593695668229,23.594096693530275,42.82229749674438,8.277318512551805,9.36448083555759,Haryana
2025-05-14,-8.244230225599882,-6.108234128677974,76.02731415301716,7.339234596731955,8.540024098335719,Arunachal Pradesh
